$$$2019-01-30 14:21:24.074120,2.971983627,0.639651521,1.593342529,0.005317529,0.003423312,-0.002366893,2.971983627,0.639651521,1.593342529,0,0,0
$$$2019-01-30 14:21:24.129726,2.971983627,0.639651521,1.593342529,0.005317529,0.003423312,-0.002366893,2.971983627,0.639651521,1.593342529,0,0,0
$$$2019-01-30 14:21:24.330131,2.97260325,0.644758871,1.592228408,0.013886073,0.000410918,-0.002332924,2.971983627,0.639651521,1.593342529,0,0,0
$$$2019-01-30 14:21:24.530120,2.973976821,0.657362862,1.591699339,0.034719335,-0.003266429,-0.002758904,2.971983627,0.639651521,1.593342529,0,0,0
$$$2019-01-30 14:21:24.730154,2.973298281,0.661143932,1.596116101,0.02801806,-0.000726449,-0.002009874,2.971983627,0.639651521,1.593342529,0,0,0
$$$2019-01-30 14:21:24.930166,2.969835652,0.656154413,1.601986933,0.00571907,0.007188798,-0.001399748,2.971983627,0.639651521,1.593342529,0,0,0
$$$2019-01-30 14:21:25.130205,2.969339655,0.648147962,1.603410741,-0.013696276,0.005737174,-0.000142684,2.971983627,0.639651521,1.593342529,0,0,0
$$$2019-01-30 14:21:25.330184,2.969605949,0.637688555,1.604912787,-0.030120625,0.003494608,0.000753715,2.971983627,0.639651521,1.593342529,0,0,0
$$$2019-01-30 14:21:25.530045,2.972626439,0.634244386,1.601738985,-0.024836425,-0.004221676,-0.003165121,2.971983627,0.639651521,1.593342529,0,0,0
$$$2019-01-30 14:21:25.730071,2.974743232,0.633301628,1.600072112,-0.01640438,-0.006889878,-0.00055418,2.971983627,0.639651521,1.593342529,0,0,0
$$$2019-01-30 14:21:25.930203,2.976385277,0.633009706,1.597410805,-0.010139849,-0.007444515,-0.007169453,2.971983627,0.639651521,1.593342529,0,0,0
$$$2019-01-30 14:21:26.130155,2.977373579,0.633098003,1.59276702,-0.005687935,-0.006391927,-0.018558234,2.971983627,0.639651521,1.593342529,0,0,0
$$$2019-01-30 14:21:26.330241,2.977078675,0.63378611,1.589177481,-0.001782401,-0.003086234,-0.013350502,2.971983627,0.639651521,1.593342529,0,0,0
$$$2019-01-30 14:21:26.530186,2.976387592,0.635565358,1.585210421,0.002792307,-0.000378949,-0.014971241,2.971983627,0.639651521,1.593342529,0,0,0
$$$2019-01-30 14:21:26.730228,2.976183509,0.636945667,1.582328789,0.004547444,0.000174005,-0.010181382,2.971983627,0.639651521,1.593342529,0,0,0
$$$2019-01-30 14:21:26.930220,2.976354142,0.639135314,1.582613873,0.00726486,-0.000326975,-0.002897544,2.971983627,0.639651521,1.593342529,0,0,0
$$$2019-01-30 14:21:27.130182,2.976460572,0.640834342,1.582998421,0.007784717,-0.000463543,-0.002264301,2.971983627,0.639651521,1.593342529,0,0,0
$$$2019-01-30 14:21:27.330171,2.976513718,0.640367361,1.584411174,0.003477837,-0.000367791,0.002720937,2.970214012,0.700018104,3.141592654,0.000181041,0.000984877,0
$$$2019-01-30 14:21:27.530218,2.976829875,0.640727287,1.583242529,0.002754951,-0.000893231,-0.003953607,2.969918549,0.700072416,3.141592654,0.000362082,0.001969753,0
$$$2019-01-30 14:21:27.730171,2.975508423,0.641709973,1.581435169,0.003707315,0.002274012,-0.00509443,2.969426111,0.700162937,3.141592654,0.000543122,0.00295463,0
$$$2019-01-30 14:21:27.930120,2.972332413,0.641583105,1.59690642,0.001920257,0.008069558,0.087134518,2.968736697,0.700289665,3.141592654,0.000724163,0.003939507,0
$$$2019-01-30 14:21:28.130166,2.969987348,0.641074576,1.616968668,0.000111313,0.009639248,0.116851348,2.967850308,0.700452602,3.141592654,0.000905204,0.004924384,0
$$$2019-01-30 14:21:28.330190,2.968919635,0.641600846,1.652286446,0.001268011,0.007775616,0.205258209,2.966766944,0.700651747,3.141592654,0.001086245,0.00590926,0
$$$2019-01-30 14:21:28.530207,2.967139914,0.641891177,1.696887145,0.00158332,0.008206463,0.261486119,2.965486604,0.7008871,3.141592654,0.001267286,0.006894137,0
$$$2019-01-30 14:21:28.730155,2.962799355,0.637819856,1.733030321,-0.006792974,0.014672742,0.209239655,2.964009289,0.701158661,3.141592654,0.001448326,0.007879014,0
$$$2019-01-30 14:21:28.930150,2.956460638,0.63749471,1.770134962,-0.002774962,0.021923531,0.225513461,2.962334998,0.70146643,3.141592654,0.001629367,0.008863891,0
$$$2019-01-30 14:21:29.130181,2.942838782,0.637825605,1.808328941,0.00397703,0.041037226,0.228235474,2.960463733,0.701810408,3.141592654,0.001810408,0.009848767,0
$$$2019-01-30 14:21:29.330099,2.921699909,0.639556696,1.841962701,0.01527158,0.066723259,0.197829097,2.958395491,0.702190594,3.141592654,0.001991449,0.010833644,0
$$$2019-01-30 14:21:29.530167,2.905285668,0.635385121,1.891670287,0.008984153,0.074047485,0.274763725,2.956130275,0.702606988,3.141592654,0.00217249,0.011818521,0
$$$2019-01-30 14:21:29.730121,2.886932889,0.632165476,1.93403516,0.010299157,0.081608217,0.237552711,2.953668083,0.70305959,3.141592654,0.00235353,0.012803398,0
$$$2019-01-30 14:21:29.930861,2.872417005,0.634696057,1.975986662,0.021551675,0.074117564,0.248799786,2.951008916,0.7035484,3.141592654,0.002534571,0.013788274,0
$$$2019-01-30 14:21:30.130213,2.856378791,0.636817063,2.007904884,0.029508231,0.072316639,0.190056358,2.948152773,0.704073418,3.141592654,0.002715612,0.014773151,0
$$$2019-01-30 14:21:30.330160,2.845635417,0.632128046,2.050296647,0.017409836,0.065934572,0.235168421,2.945099655,0.704634645,3.141592654,0.002896653,0.015758028,0
$$$2019-01-30 14:21:30.530117,2.831771705,0.624252776,2.105994205,0.008349833,0.071192686,0.293253824,2.941849562,0.705232079,3.141592654,0.003077694,0.016742905,0
$$$2019-01-30 14:21:30.730158,2.81640322,0.609756338,2.153469608,-0.005667767,0.083790694,0.24943838,2.938402493,0.705865722,3.141592654,0.003258734,0.017727781,0
$$$2019-01-30 14:21:30.930158,2.802934745,0.60397957,2.196568916,0.002029721,0.078651417,0.24108511,2.93475845,0.706535573,3.141592654,0.003439775,0.018712658,0
$$$2019-01-30 14:21:31.130172,2.788099139,0.598884364,2.237804257,0.010662313,0.076942404,0.219213737,2.93091743,0.707241632,3.141592654,0.003620816,0.019697535,0
$$$2019-01-30 14:21:31.330224,2.781385831,0.595465778,2.279305634,0.009619532,0.059516875,0.216425192,2.926879436,0.707983899,3.141592654,0.003801857,0.020682412,0
$$$2019-01-30 14:21:31.530108,2.77306748,0.587830267,2.32035512,0.00469168,0.057643312,0.209080482,2.922644466,0.708762375,3.141592654,0.003982898,0.021667288,0
$$$2019-01-30 14:21:31.730152,2.764529001,0.584117037,2.355082532,0.009243245,0.051574301,0.188343516,2.91821252,0.709577058,3.141592654,0.004163938,0.022652165,0
$$$2019-01-30 14:21:31.930129,2.75680471,0.575010871,2.38806692,0.003061674,0.05435414,0.16985606,2.9135836,0.71042795,3.141592654,0.004344979,0.023637042,0
$$$2019-01-30 14:21:32.130169,2.754611288,0.567143836,2.421543441,-0.006067183,0.046038119,0.172285098,2.908757703,0.71131505,3.141592654,0.00452602,0.024621919,0
$$$2019-01-30 14:21:32.330183,2.751843146,0.557004959,2.452258033,-0.013110727,0.046006964,0.148184566,2.903734832,0.712238358,3.141592654,0.004707061,0.025606795,0
$$$2019-01-30 14:21:32.530135,2.749778981,0.542316154,2.482690579,-0.023794032,0.052700139,0.138382771,2.898514985,0.713197874,3.141592654,0.004888102,0.026591672,0
$$$2019-01-30 14:21:32.730222,2.746113169,0.53423818,2.509030297,-0.017741419,0.048358228,0.125990861,2.893194509,0.714214737,3.141592654,0.005280527,0.026613088,0
$$$2019-01-30 14:21:32.930159,2.742780261,0.526755561,2.535594459,-0.013602751,0.044522117,0.121350667,2.88786975,0.715310085,3.141592654,0.005672951,0.026634504,0
$$$2019-01-30 14:21:33.130180,2.742059076,0.523286548,2.560119546,-0.010378757,0.032328226,0.109507498,2.882540708,0.716483918,3.141592654,0.006065376,0.02665592,0
$$$2019-01-30 14:21:33.330159,2.741885442,0.523451073,2.583258947,-0.005171956,0.018435321,0.105760368,2.877207382,0.717736236,3.141592654,0.006457801,0.026677336,0
$$$2019-01-30 14:21:33.530219,2.739712994,0.524385834,2.602621364,0.002078391,0.011369345,0.092915965,2.871869773,0.719067038,3.141592654,0.006850226,0.026698752,0
$$$2019-01-30 14:21:33.730100,2.737761839,0.525849257,2.620675302,0.006362773,0.005997291,0.084272731,2.866527882,0.720476326,3.141592654,0.007242651,0.026720168,0
$$$2019-01-30 14:21:33.930201,2.73600949,0.525773711,2.639885387,0.006762392,0.005381617,0.0854119,2.861181706,0.721964099,3.141592654,0.007635076,0.026741584,0
$$$2019-01-30 14:21:34.130171,2.736210817,0.52428696,2.661245073,0.001994609,0.005543969,0.093633224,2.855831248,0.723530356,3.141592654,0.008027501,0.026762999,0
$$$2019-01-30 14:21:34.330170,2.735730843,0.523788187,2.68323233,0.001571225,0.004546821,0.096576113,2.850476507,0.725175099,3.141592654,0.008419925,0.026784415,0
$$$2019-01-30 14:21:34.530186,2.734110482,0.524240624,2.70245699,0.004389579,0.003275165,0.089060565,2.845117482,0.726898326,3.141592654,0.00881235,0.026805831,0
$$$2019-01-30 14:21:34.730116,2.733004896,0.524306827,2.721233094,0.004672101,0.002727415,0.089056205,2.839754174,0.728700039,3.141592654,0.009204775,0.026827247,0
$$$2019-01-30 14:21:34.930159,2.733464987,0.524375252,2.740035474,0.00186019,0.000994169,0.091139613,2.834386583,0.730580236,3.141592654,0.0095972,0.026848663,0
$$$2019-01-30 14:21:35.130160,2.733615271,0.524434865,2.758462106,0.000826769,0.000315112,0.089888639,2.829014709,0.732538919,3.141592654,0.009989625,0.026870079,0
$$$2019-01-30 14:21:35.330108,2.734676642,0.528384742,2.779204861,0.00160046,-0.008337821,0.098828415,2.823638551,0.734576086,3.141592654,0.01038205,0.026891495,0
$$$2019-01-30 14:21:35.530236,2.733486595,0.532745979,2.798406817,0.006543673,-0.01236455,0.095393259,2.818258111,0.736691739,3.141592654,0.010774475,0.026912911,0
$$$2019-01-30 14:21:35.730111,2.73333107,0.537638753,2.817525277,0.007537703,-0.016596913,0.093206544,2.812873387,0.738885876,3.141592654,0.0111669,0.026934327,0
$$$2019-01-30 14:21:35.930094,2.734483829,0.540841155,2.837470726,0.004143757,-0.016638717,0.100445053,2.80748438,0.741158499,3.141592654,0.011559324,0.026955743,0
$$$2019-01-30 14:21:36.130190,2.736983558,0.55226173,2.861125901,0.004704515,-0.033914601,0.110239701,2.80209109,0.743509606,3.141592654,0.011951749,0.026977159,0
$$$2019-01-30 14:21:36.330174,2.737390931,0.563297036,2.883851892,0.008370389,-0.041752422,0.112728588,2.796693517,0.745939198,3.141592654,0.012344174,0.026998575,0
$$$2019-01-30 14:21:36.530184,2.739469684,0.574113891,2.904761183,0.006396032,-0.046860936,0.10311335,2.79129166,0.748447276,3.141592654,0.012736599,0.027019991,0
$$$2019-01-30 14:21:36.730155,2.742586379,0.58210386,2.924256072,0.001195939,-0.04457983,0.098454304,2.78588552,0.751033838,3.141592654,0.013129024,0.027041406,0
$$$2019-01-30 14:21:36.930146,2.740818069,0.590736494,2.942761681,0.008235732,-0.042151698,0.100173821,2.780475098,0.753698885,3.141592654,0.013521449,0.027062822,0
$$$2019-01-30 14:21:37.130229,2.744557859,0.606144259,2.962679731,0.003488131,-0.057276169,0.090777644,2.775060391,0.756442418,3.141592654,0.013913874,0.027084238,0
$$$2019-01-30 14:21:37.330122,2.747482734,0.618543476,2.978622661,0.000562982,-0.059299879,0.076056609,2.769641402,0.759264435,3.141592654,0.014306298,0.027105654,0
$$$2019-01-30 14:21:37.530169,2.749438047,0.635051194,2.991240124,0.001978114,-0.068532373,0.0618831,2.76421813,0.762164937,3.141592654,0.014698723,0.02712707,0
$$$2019-01-30 14:21:37.730187,2.751658234,0.648415142,3.003229944,0.000624558,-0.067401074,0.053160072,2.758790574,0.765143924,3.141592654,0.015091148,0.027148486,0
$$$2019-01-30 14:21:37.930189,2.753774783,0.670493453,3.000423394,0.002290735,-0.084788341,-0.025948171,2.753358735,0.768201396,3.141592654,0.015483573,0.027169902,0
$$$2019-01-30 14:21:38.130107,2.755298593,0.686120907,2.995598648,0.002532056,-0.081190856,-0.038110085,2.74801896,0.771358492,3.141592654,0.016087382,0.026227855,0
$$$2019-01-30 14:21:38.330223,2.756176579,0.697163637,2.992385586,0.002807442,-0.069502422,-0.032228799,2.742867593,0.774636349,3.141592654,0.016691192,0.025285808,0
$$$2019-01-30 14:21:38.530140,2.754879061,0.706630243,2.992455514,0.007089504,-0.058918566,-0.016886003,2.737904636,0.778034968,3.141592654,0.017295001,0.024343761,0
$$$2019-01-30 14:21:38.730120,2.753888495,0.709597537,2.994271875,0.006957875,-0.03949091,-0.006928697,2.733130089,0.781554349,3.141592654,0.01789881,0.023401714,0
$$$2019-01-30 14:21:38.930216,2.750557425,0.723037919,2.998759833,0.014818567,-0.049520542,0.001129116,2.728543951,0.785194492,3.141592654,0.018502619,0.022459668,0
$$$2019-01-30 14:21:39.130219,2.749298014,0.730795086,3.006173656,0.01324,-0.044074738,0.017998921,2.724146222,0.788955397,3.141592654,0.019106429,0.021517621,0
$$$2019-01-30 14:21:39.330144,2.746131066,0.749347855,3.01241849,0.019378702,-0.062977405,0.02424093,2.719936902,0.792837064,3.141592654,0.019710238,0.020575574,0
$$$2019-01-30 14:21:39.530114,2.743945873,0.764340347,3.019216861,0.019637432,-0.066716442,0.028127561,2.715915992,0.796839492,3.141592654,0.020314047,0.019633527,0
$$$2019-01-30 14:21:39.730077,2.740051908,0.783830721,3.025521125,0.024335802,-0.07791428,0.025805,2.712083491,0.800962683,3.141592654,0.020917856,0.01869148,0
$$$2019-01-30 14:21:39.930158,2.736686963,0.797661,3.033058851,0.024242304,-0.072711647,0.032290509,2.7084394,0.805206635,3.141592654,0.021521666,0.017749433,0
$$$2019-01-30 14:21:40.130177,2.729256097,0.810858401,3.039688252,0.032409762,-0.067574656,0.030206968,2.704983718,0.809571349,3.141592654,0.022125475,0.016807386,0
$$$2019-01-30 14:21:40.329995,2.7234428,0.820277914,3.047685143,0.032692839,-0.057294597,0.033952381,2.701716446,0.814056825,3.141592654,0.022729284,0.015865339,0
$$$2019-01-30 14:21:40.530193,2.718871722,0.824398148,3.054684376,0.029042452,-0.040638224,0.029010238,2.698637582,0.818663063,3.141592654,0.023333093,0.014923293,0
$$$2019-01-30 14:21:40.730203,2.714491541,0.840236462,3.058436145,0.028922582,-0.05580604,0.026436075,2.695747129,0.823390062,3.141592654,0.023936903,0.013981246,0
$$$2019-01-30 14:21:40.930352,2.702954487,0.851390638,3.061372281,0.042925327,-0.053364691,0.0218088,2.693045084,0.828237824,3.141592654,0.024540712,0.013039199,0
$$$2019-01-30 14:21:41.130166,2.692973579,0.861434798,3.067002189,0.047221431,-0.050211942,0.013643717,2.690531449,0.833206347,3.141592654,0.025144521,0.012097152,0
$$$2019-01-30 14:21:41.330207,2.684989647,0.864022106,3.067101573,0.044311391,-0.033006471,0.00081551,2.688206223,0.838295632,3.141592654,0.02574833,0.011155105,0
$$$2019-01-30 14:21:41.530167,2.672041812,0.865446643,3.065216933,0.052947226,-0.019984098,-0.018500996,2.686069407,0.843505679,3.141592654,0.02635214,0.010213058,0
$$$2019-01-30 14:21:41.730166,2.655304268,0.862634254,3.064475242,0.065300239,-0.002932365,-0.012006439,2.684121,0.848836488,3.141592654,0.026955949,0.009271011,0
$$$2019-01-30 14:21:41.930124,2.642994855,0.86050768,3.065288594,0.063155509,0.004737275,-0.00326245,2.682361002,0.854288058,3.141592654,0.027559758,0.008328965,0
$$$2019-01-30 14:21:42.130116,2.629204331,0.859913232,3.068457094,0.06530894,0.006135622,0.010428693,2.680789414,0.859860391,3.141592654,0.028163567,0.007386918,0
$$$2019-01-30 14:21:42.330126,2.619294427,0.859856561,3.074050177,0.058432673,0.005148766,0.025698251,2.679406235,0.865553485,3.141592654,0.028767377,0.006444871,0
$$$2019-01-30 14:21:42.530172,2.605707787,0.862536307,3.082005541,0.062684802,-0.000762448,0.039691817,2.678211466,0.871367342,3.141592654,0.029371186,0.005502824,0
$$$2019-01-30 14:21:42.730122,2.595746469,0.864372746,3.090519299,0.057313467,-0.00306997,0.044393929,2.677205106,0.87730196,3.141592654,0.029974995,0.004560777,0
$$$2019-01-30 14:21:42.930187,2.585007822,0.866427894,3.098850656,0.055883178,-0.004931695,0.044407326,2.676387155,0.88335734,3.141592654,0.030578804,0.00361873,0
$$$2019-01-30 14:21:43.130171,2.574231929,0.868257533,3.107167644,0.055089678,-0.005729763,0.042269564,2.675757614,0.889533481,3.141592654,0.031182613,0.002676683,0
$$$2019-01-30 14:21:43.330146,2.567269494,0.869018537,3.115972753,0.04643209,-0.004433839,0.045072481,2.675316482,0.895830385,3.141592654,0.031786423,0.001734636,0
$$$2019-01-30 14:21:43.530152,2.55978088,0.869759969,3.12627566,0.042570277,-0.003765302,0.047665602,2.674945696,0.902269189,3.141592654,0.032601615,0.001973219,0
$$$2019-01-30 14:21:43.730136,2.553190217,0.870559108,3.135756856,0.038444667,-0.003674437,0.046648117,2.674527194,0.908871031,3.141592654,0.033416808,0.002211802,0
$$$2019-01-30 14:21:43.930191,2.546087624,0.871436095,-3.137955414,0.037153082,-0.003906651,0.045159229,2.674060975,0.915635912,3.141592654,0.034232001,0.002450385,0
$$$2019-01-30 14:21:44.130289,2.542733728,0.87147944,-3.131090672,0.028432471,-0.002442391,0.02911325,2.67354704,0.922563831,3.141592654,0.035047193,0.002688968,0
$$$2019-01-30 14:21:44.330229,2.539697583,0.872261458,-3.129605344,0.022746021,-0.003194322,-0.000980368,2.672985388,0.929654789,3.141592654,0.035862386,0.00292755,0
$$$2019-01-30 14:21:44.530186,2.537739042,0.872340223,-3.133852132,0.017206427,-0.002095279,-0.031440874,2.67237602,0.936908786,3.141592654,0.036677579,0.003166133,0
$$$2019-01-30 14:21:44.730065,2.537399987,0.871995699,3.141287378,0.010604252,-0.000491678,-0.052892691,2.671718935,0.944325821,3.141592654,0.037492771,0.003404716,0
$$$2019-01-30 14:21:44.930171,2.538096781,0.873232497,3.130199986,0.004588267,-0.002893338,-0.069994072,2.671014134,0.951905895,3.141592654,0.038307964,0.003643299,0
$$$2019-01-30 14:21:45.130119,2.538566891,0.875422061,3.11517244,0.001642261,-0.006306491,-0.091879929,2.670261616,0.959649007,3.141592654,0.039123157,0.003881881,0
$$$2019-01-30 14:21:45.330175,2.540498506,0.879565713,3.098191662,-0.003024506,-0.012471176,-0.099114177,2.669461381,0.967555157,3.141592654,0.03993835,0.004120464,0
$$$2019-01-30 14:21:45.530163,2.545566022,0.88380793,3.080858247,-0.012211703,-0.016471624,-0.106787183,2.66861343,0.975624346,3.141592654,0.040753542,0.004359047,0
$$$2019-01-30 14:21:45.730123,2.551669231,0.888476774,3.065593594,-0.019447557,-0.019995976,-0.089702241,2.667717762,0.983856574,3.141592654,0.041568735,0.00459763,0
$$$2019-01-30 14:21:45.930204,2.554450815,0.891475454,3.053185037,-0.016584346,-0.018286581,-0.071498876,2.666774378,0.99225184,3.141592654,0.042383928,0.004836213,0
$$$2019-01-30 14:21:46.130163,2.558034939,0.893739388,3.043749224,-0.016681816,-0.015935109,-0.05551559,2.665783277,1.000810145,3.141592654,0.04319912,0.005074795,0
$$$2019-01-30 14:21:46.330197,2.563363218,0.896836324,3.037061509,-0.020216695,-0.016762745,-0.035891636,2.66474446,1.009531488,3.141592654,0.044014313,0.005313378,0
$$$2019-01-30 14:21:46.530119,2.568793373,0.898408612,3.034065747,-0.022726248,-0.014120457,-0.018354884,2.663657926,1.01841587,3.141592654,0.044829506,0.005551961,0
$$$2019-01-30 14:21:46.730141,2.573849722,0.901490241,3.033700882,-0.023036457,-0.01577032,-0.001822294,2.662523676,1.027463291,3.141592654,0.045644698,0.005790544,0
$$$2019-01-30 14:21:46.930150,2.575626699,0.909429728,3.036669701,-0.015165619,-0.02626105,0.018870334,2.661341709,1.03667375,3.141592654,0.046459891,0.006029127,0
$$$2019-01-30 14:21:47.130098,2.577588195,0.92100673,3.041536363,-0.010193607,-0.039998339,0.034005095,2.660112025,1.046047247,3.141592654,0.047275084,0.006267709,0
$$$2019-01-30 14:21:47.330184,2.579573583,0.928013514,3.046577681,-0.008492167,-0.038218968,0.035979633,2.658834625,1.055583783,3.141592654,0.048090276,0.006506292,0
$$$2019-01-30 14:21:47.530188,2.582894979,0.933398981,3.051632484,-0.01076428,-0.034042391,0.036228988,2.657509508,1.065283358,3.141592654,0.048905469,0.006744875,0
$$$2019-01-30 14:21:47.730125,2.586459781,0.939998937,3.05598115,-0.012410238,-0.034225265,0.030218945,2.656136675,1.075145971,3.141592654,0.049720662,0.006983458,0
$$$2019-01-30 14:21:47.930179,2.588913318,0.945651501,3.057963477,-0.011251382,-0.032081019,0.018388522,2.654716125,1.085171622,3.141592654,0.050535854,0.00722204,0
$$$2019-01-30 14:21:48.130114,2.590385069,0.954335917,3.059205079,-0.007997756,-0.037068864,0.009371427,2.653247859,1.095360312,3.141592654,0.051351047,0.007460623,0
$$$2019-01-30 14:21:48.330173,2.589850245,0.961841121,3.058583951,-0.002124658,-0.037077159,6.16E-05,2.651731876,1.105712041,3.141592654,0.05216624,0.007699206,0
$$$2019-01-30 14:21:48.530206,2.589164021,0.970875903,3.052917196,0.001827393,-0.040300243,-0.028404373,2.650168176,1.116226808,3.141592654,0.052981432,0.007937789,0
$$$2019-01-30 14:21:48.730409,2.586520223,0.98047336,3.045992254,0.008495419,-0.042962343,-0.028696454,2.64855676,1.126904614,3.141592654,0.053796625,0.008176372,0
$$$2019-01-30 14:21:48.930141,2.581976228,0.995353653,3.039357247,0.017512097,-0.055240241,-0.029296988,2.646939604,1.137684885,3.141592654,0.054006087,0.007995186,0
$$$2019-01-30 14:21:49.130187,2.577158316,1.010770476,3.033900378,0.023633669,-0.063258317,-0.020817936,2.645358686,1.148507049,3.141592654,0.05421555,0.007814,0
$$$2019-01-30 14:21:49.330165,2.574224111,1.020965889,3.030178448,0.022165326,-0.057171428,-0.014258761,2.643814004,1.159371105,3.141592654,0.054425012,0.007632815,0
$$$2019-01-30 14:21:49.530152,2.567750256,1.036521026,3.027376918,0.030133,-0.064134602,-0.007892766,2.64230556,1.170277054,3.141592654,0.054634474,0.007451629,0
$$$2019-01-30 14:21:49.730204,2.561593912,1.050886001,3.02568051,0.033766664,-0.065676529,-0.009338075,2.640833353,1.181224895,3.141592654,0.054843937,0.007270443,0
$$$2019-01-30 14:21:49.930172,2.555264708,1.066985728,3.023516005,0.036764466,-0.070112877,-0.006034916,2.639397383,1.192214628,3.141592654,0.055053399,0.007089258,0
$$$2019-01-30 14:21:50.130125,2.551932485,1.075948644,3.022727533,0.030448367,-0.058310214,0.000417602,2.63799765,1.203246254,3.141592654,0.055262861,0.006908072,0
$$$2019-01-30 14:21:50.330118,2.544420694,1.089305444,3.019940205,0.036861494,-0.059679479,0.000101525,2.636634154,1.214319773,3.141592654,0.055472324,0.006726886,0
$$$2019-01-30 14:21:50.530198,2.539414001,1.098744012,3.020419273,0.03423255,-0.052844548,0.00914972,2.635306895,1.225435184,3.141592654,0.055681786,0.006545701,0
$$$2019-01-30 14:21:50.730124,2.533655951,1.114811585,3.022841318,0.035954411,-0.062752157,0.013477366,2.634015873,1.236592487,3.141592654,0.055891248,0.006364515,0
$$$2019-01-30 14:21:50.930170,2.524116324,1.139706762,3.023873826,0.04714352,-0.08611485,0.009323158,2.632761089,1.247791683,3.141592654,0.056100711,0.00618333,0
$$$2019-01-30 14:21:51.130078,2.517503362,1.158876162,3.024821435,0.045925126,-0.088199783,0.011264723,2.631542542,1.259032771,3.141592654,0.056310173,0.006002144,0
$$$2019-01-30 14:21:51.330189,2.511964555,1.178396027,3.026086069,0.043003882,-0.090430889,0.012465727,2.630360231,1.270315752,3.141592654,0.056519635,0.005820958,0
$$$2019-01-30 14:21:51.530186,2.509978985,1.190586323,3.028013124,0.031939697,-0.077156302,0.015670292,2.629214158,1.281640626,3.141592654,0.056729097,0.005639773,0
$$$2019-01-30 14:21:51.730207,2.50873356,1.204776636,3.031147137,0.024373301,-0.073985076,0.015031705,2.628104322,1.293007391,3.141592654,0.05693856,0.005458587,0
$$$2019-01-30 14:21:51.930107,2.504609678,1.219720396,3.032680512,0.026203064,-0.073080114,0.007521378,2.627030724,1.304416049,3.141592654,0.057148022,0.005277401,0
$$$2019-01-30 14:21:52.130175,2.499497158,1.241208296,3.035500747,0.030670048,-0.086230436,0.004461008,2.625993362,1.3158666,3.141592654,0.057357484,0.005096216,0
$$$2019-01-30 14:21:52.330185,2.492398007,1.268869223,3.036359308,0.038740148,-0.106411318,-0.001528912,2.624992237,1.327359043,3.141592654,0.057566947,0.00491503,0
$$$2019-01-30 14:21:52.530165,2.487562014,1.288862504,3.037276767,0.036766426,-0.102344473,-0.003786697,2.62402735,1.338893379,3.141592654,0.057776409,0.004733844,0
$$$2019-01-30 14:21:52.730206,2.483341511,1.308215961,3.03934334,0.034166983,-0.098800667,0.002308443,2.6230987,1.350469607,3.141592654,0.057985871,0.004552659,0
$$$2019-01-30 14:21:52.930185,2.482102474,1.321075777,3.043039179,0.024916435,-0.083694024,0.011487484,2.622206286,1.362087727,3.141592654,0.058195334,0.004371473,0
$$$2019-01-30 14:21:53.130173,2.48130161,1.334517668,3.047660764,0.018766429,-0.076343801,0.020375652,2.62135011,1.37374774,3.141592654,0.058404796,0.004190287,0
$$$2019-01-30 14:21:53.330264,2.480788308,1.345260713,3.05276902,0.013947931,-0.066492092,0.02266498,2.620530171,1.385449646,3.141592654,0.058614258,0.004009102,0
$$$2019-01-30 14:21:53.530155,2.479672367,1.355027544,3.058319107,0.012184317,-0.058659732,0.026956819,2.61974647,1.397193444,3.141592654,0.058823721,0.003827916,0
$$$2019-01-30 14:21:53.730167,2.478684194,1.36936435,3.064583168,0.011599142,-0.063890288,0.027863512,2.618999005,1.408979134,3.141592654,0.059033183,0.003646731,0
$$$2019-01-30 14:21:53.930166,2.478037479,1.380031486,3.069895323,0.009739922,-0.059200678,0.024883413,2.618287777,1.420806717,3.141592654,0.059242645,0.003465545,0
$$$2019-01-30 14:21:54.130171,2.478767531,1.390506346,3.075386616,0.005610622,-0.056331374,0.025618046,2.617612787,1.432676192,3.141592654,0.059452108,0.003284359,0
$$$2019-01-30 14:21:54.330313,2.479054,1.399845028,3.081357188,0.003916863,-0.052201949,0.030192063,2.617016011,1.444526987,3.141592654,0.05905584,0.002683404,0
$$$2019-01-30 14:21:54.530161,2.480454605,1.408938369,3.084725968,0.000522368,-0.049465254,0.026468806,2.616539425,1.456298528,3.141592654,0.058659573,0.002082449,0
$$$2019-01-30 14:21:54.730143,2.480369718,1.411170621,3.088395406,0.000760936,-0.033135641,0.029428573,2.616183031,1.467990816,3.141592654,0.058263305,0.001481494,0
$$$2019-01-30 14:21:54.930164,2.478737578,1.413742041,3.093646447,0.004184641,-0.024291396,0.031729411,2.615946828,1.47960385,3.141592654,0.057867038,0.000880538,0
$$$2019-01-30 14:21:55.130779,2.477756143,1.414078937,3.099236258,0.004504309,-0.014562783,0.035485949,2.615830816,1.491137631,3.141592654,0.05747077,0.000279583,0
$$$2019-01-30 14:21:55.330120,2.476693153,1.429252426,3.105780901,0.006357132,-0.040494102,0.036321848,2.615834995,1.502592158,3.141592654,0.057074503,-0.000321372,0
$$$2019-01-30 14:21:55.530214,2.47946616,1.452682826,3.10770976,-0.000262097,-0.073301238,0.012385647,2.615959365,1.513967432,3.141592654,0.056678235,-0.000922327,0
$$$2019-01-30 14:21:55.730166,2.48060322,1.465644553,3.106194512,-0.001617844,-0.069748387,-0.005706491,2.616203926,1.525263452,3.141592654,0.056281968,-0.001523282,0
$$$2019-01-30 14:21:55.930216,2.48295867,1.475950425,3.102341692,-0.005247596,-0.062147973,-0.026336542,2.616568678,1.536480219,3.141592654,0.0558857,-0.002124238,0
$$$2019-01-30 14:21:56.130153,2.484793878,1.483060594,3.093675012,-0.006408981,-0.050950813,-0.054586169,2.617053621,1.547617732,3.141592654,0.055489433,-0.002725193,0
$$$2019-01-30 14:21:56.330116,2.485329077,1.493372376,3.083289213,-0.003868439,-0.05123456,-0.06205941,2.617658755,1.558675992,3.141592654,0.055093165,-0.003326148,0
$$$2019-01-30 14:21:56.530134,2.486278941,1.500540474,3.072530353,-0.00341872,-0.044761595,-0.067080606,2.61838408,1.569654998,3.141592654,0.054696897,-0.003927103,0
$$$2019-01-30 14:21:56.730118,2.489320386,1.510964838,3.062531625,-0.007054176,-0.048224394,-0.065027223,2.619229596,1.580554751,3.141592654,0.05430063,-0.004528059,0
$$$2019-01-30 14:21:56.930304,2.492091417,1.523177026,3.050840356,-0.008021853,-0.054032485,-0.067846231,2.620195303,1.59137525,3.141592654,0.053904362,-0.005129014,0
$$$2019-01-30 14:21:57.130145,2.492478016,1.533323466,3.043931382,-0.003519375,-0.05263387,-0.04058407,2.621281202,1.602116496,3.141592654,0.053508095,-0.005729969,0
$$$2019-01-30 14:21:57.330183,2.494679483,1.544790937,3.042439938,-0.004366852,-0.054948476,-0.012027376,2.622487291,1.612778488,3.141592654,0.053111827,-0.006330924,0
$$$2019-01-30 14:21:57.530166,2.497151917,1.553171786,3.042733814,-0.006000893,-0.049805524,-0.003148599,2.623813571,1.623361227,3.141592654,0.05271556,-0.006931879,0
$$$2019-01-30 14:21:57.730162,2.500028853,1.562392207,3.04647035,-0.007608206,-0.048718334,0.017551246,2.625260043,1.633864712,3.141592654,0.052319292,-0.007532835,0
$$$2019-01-30 14:21:57.930168,2.5021898,1.570489034,3.048058705,-0.007312733,-0.045559028,0.007805813,2.626826705,1.644288944,3.141592654,0.051923025,-0.00813379,0
$$$2019-01-30 14:21:58.130173,2.505096776,1.58156198,3.048101466,-0.008137636,-0.050191532,0.001636767,2.628513559,1.654633922,3.141592654,0.051526757,-0.008734745,0
$$$2019-01-30 14:21:58.330095,2.507264032,1.592360255,3.048398155,-0.007140489,-0.052118352,-0.000756166,2.630320603,1.664899647,3.141592654,0.05113049,-0.0093357,0
$$$2019-01-30 14:21:58.530117,2.508070338,1.599859083,3.045654836,-0.004349939,-0.045971105,-0.016481592,2.632247839,1.675086118,3.141592654,0.050734222,-0.009936655,0
$$$2019-01-30 14:21:58.730149,2.511119741,1.609869417,3.042072239,-0.006982632,-0.048203374,-0.025025205,2.634295265,1.685193336,3.141592654,0.050337955,-0.010537611,0
$$$2019-01-30 14:21:58.930193,2.513486688,1.61823779,3.037291341,-0.007285882,-0.045888371,-0.028523775,2.636462883,1.6952213,3.141592654,0.049941687,-0.011138566,0
$$$2019-01-30 14:21:59.130189,2.516851786,1.629775807,3.033563725,-0.008814992,-0.051491568,-0.02360943,2.638750692,1.705170011,3.141592654,0.04954542,-0.011739521,0
$$$2019-01-30 14:21:59.330171,2.519884951,1.638738238,3.029689488,-0.009470846,-0.049206258,-0.025470221,2.641158691,1.715039468,3.141592654,0.049149152,-0.012340476,0
$$$2019-01-30 14:21:59.530230,2.524438563,1.649619338,3.026237307,-0.012557524,-0.052311925,-0.024103154,2.643686882,1.724829672,3.141592654,0.048752885,-0.012941432,0
$$$2019-01-30 14:21:59.730190,2.526861944,1.658100495,3.022513825,-0.01026726,-0.048558214,-0.021145302,2.646346282,1.734498548,3.141592654,0.047935882,-0.013652568,0
$$$2019-01-30 14:21:59.930209,2.530619904,1.670488047,3.018399494,-0.010733837,-0.054991348,-0.021691906,2.649147909,1.744004024,3.141592654,0.047118878,-0.014363705,0
$$$2019-01-30 14:22:00.130174,2.536429462,1.685239183,3.016138465,-0.014666933,-0.064206291,-0.016903309,2.652091764,1.7533461,3.141592654,0.046301875,-0.015074841,0
$$$2019-01-30 14:22:00.330177,2.540381757,1.696952483,3.015514366,-0.013723922,-0.062627887,-0.009886696,2.655177846,1.762524774,3.141592654,0.045484872,-0.015785978,0
$$$2019-01-30 14:22:00.530149,2.545468193,1.71140591,3.014781976,-0.01484144,-0.067803119,-0.010095613,2.658406155,1.771540048,3.141592654,0.044667868,-0.016497114,0
$$$2019-01-30 14:22:00.730096,2.547963167,1.723004184,3.014320944,-0.010667507,-0.064087357,-0.002650926,2.661776692,1.780391922,3.141592654,0.043850865,-0.017208251,0
$$$2019-01-30 14:22:00.930150,2.551285667,1.732497224,3.012644734,-0.010581348,-0.057729338,-0.009571629,2.665289455,1.789080394,3.141592654,0.043033862,-0.017919387,0
$$$2019-01-30 14:22:01.130170,2.552559954,1.735812175,3.011825393,-0.007852143,-0.040500191,-0.005653419,2.668944446,1.797605466,3.141592654,0.042216858,-0.018630524,0
$$$2019-01-30 14:22:01.330153,2.55506722,1.744156281,3.009971567,-0.007520687,-0.041544292,-0.011575105,2.672741665,1.805967138,3.141592654,0.041399855,-0.01934166,0
$$$2019-01-30 14:22:01.530185,2.562635432,1.764619711,3.010492842,-0.014641912,-0.069093562,-0.000621855,2.67668111,1.814165408,3.141592654,0.040582852,-0.020052797,0
$$$2019-01-30 14:22:01.730268,2.57042347,1.785740608,3.012084042,-0.019048409,-0.086358361,0.003076301,2.680762783,1.822200278,3.141592654,0.039765849,-0.020763933,0
$$$2019-01-30 14:22:01.930117,2.576473539,1.801559441,3.015849558,-0.01941626,-0.084608213,0.015030587,2.684986684,1.830071748,3.141592654,0.038948845,-0.02147507,0
$$$2019-01-30 14:22:02.130102,2.582480349,1.813172313,3.019524912,-0.020765173,-0.074695221,0.016600472,2.689352811,1.837779817,3.141592654,0.038131842,-0.022186206,0
$$$2019-01-30 14:22:02.330208,2.586980246,1.831978933,3.021123376,-0.016375692,-0.083786981,0.018203519,2.693861166,1.845324485,3.141592654,0.037314839,-0.022897343,0
$$$2019-01-30 14:22:02.530177,2.591504837,1.848989133,3.025155952,-0.014521369,-0.08520274,0.025453576,2.698511748,1.852705752,3.141592654,0.036497835,-0.023608479,0
$$$2019-01-30 14:22:02.730812,2.59555373,1.861356429,3.026030069,-0.013829515,-0.076064881,0.006720354,2.703304558,1.859923619,3.141592654,0.035680832,-0.024319616,0
$$$2019-01-30 14:22:02.930159,2.59853116,1.871885084,3.024759648,-0.011656493,-0.066659373,-0.005509952,2.708239595,1.866978085,3.141592654,0.034863829,-0.025030752,0
$$$2019-01-30 14:22:03.130168,2.607237679,1.896289445,3.023256122,-0.019026909,-0.091988562,-0.007484265,2.713316859,1.87386915,3.141592654,0.034046825,-0.025741889,0
$$$2019-01-30 14:22:03.330155,2.614870443,1.918526796,3.019757817,-0.021363123,-0.1017314,-0.012073378,2.71853635,1.880596815,3.141592654,0.033229822,-0.026453025,0
$$$2019-01-30 14:22:03.530211,2.621534305,1.935699854,3.016974578,-0.02198897,-0.096382649,-0.019178434,2.723898069,1.887161079,3.141592654,0.032412819,-0.027164162,0
$$$2019-01-30 14:22:03.730009,2.63021022,1.955013894,3.013418031,-0.025829746,-0.098402299,-0.017468354,2.729402015,1.893561943,3.141592654,0.031595816,-0.027875298,0
$$$2019-01-30 14:22:03.930036,2.63883667,1.970073417,3.008076031,-0.028945134,-0.090614704,-0.028180386,2.735048188,1.899799405,3.141592654,0.030778812,-0.028586435,0
$$$2019-01-30 14:22:04.130362,2.646998204,1.983827258,3.003509242,-0.029853423,-0.083365541,-0.0192198,2.740836589,1.905873467,3.141592654,0.029961809,-0.029297571,0
$$$2019-01-30 14:22:04.330118,2.650907687,1.993541374,2.999894407,-0.022447968,-0.069529055,-0.014139882,2.746767217,1.911784129,3.141592654,0.029144806,-0.030008708,0
$$$2019-01-30 14:22:04.530167,2.656830751,2.008364897,2.996862565,-0.020936409,-0.072922268,-0.016298841,2.752840072,1.91753139,3.141592654,0.028327802,-0.030719844,0
$$$2019-01-30 14:22:04.730136,2.666913813,2.025365438,2.994920393,-0.028078629,-0.080726814,-0.011694915,2.759055155,1.92311525,3.141592654,0.027510799,-0.031430981,0
$$$2019-01-30 14:22:04.930225,2.676724177,2.036033117,2.994189163,-0.033460266,-0.071840688,-0.005442778,2.765412464,1.928535709,3.141592654,0.026693796,-0.032142117,0
$$$2019-01-30 14:22:05.130180,2.689962564,2.050601392,2.991675723,-0.042485379,-0.076055139,-0.010027505,2.771878899,1.933777059,3.141592654,0.025719703,-0.032522229,0
$$$2019-01-30 14:22:05.330135,2.699364904,2.059973574,2.989340184,-0.041131846,-0.066414594,-0.007451242,2.778421356,1.938823591,3.141592654,0.024745611,-0.032902341,0
$$$2019-01-30 14:22:05.530186,2.707716708,2.075227886,2.987582329,-0.036232236,-0.072929148,-0.00611714,2.785039835,1.943675303,3.141592654,0.023771518,-0.033282452,0
$$$2019-01-30 14:22:05.730127,2.712870346,2.084036938,2.987419845,-0.028727859,-0.062105284,0.001783697,2.791734337,1.948332198,3.141592654,0.022797426,-0.033662564,0
$$$2019-01-30 14:22:05.930163,2.719588579,2.089802336,2.989053052,-0.028733468,-0.049987339,0.008295933,2.798504861,1.952794274,3.141592654,0.021823333,-0.034042675,0
$$$2019-01-30 14:22:06.130098,2.729304147,2.097433635,2.992929908,-0.034472166,-0.047894952,0.018475326,2.805351407,1.957061531,3.141592654,0.020849241,-0.034422787,0
$$$2019-01-30 14:22:06.330244,2.733638043,2.100284278,2.999579778,-0.028037616,-0.034872362,0.034312384,2.812273975,1.96113397,3.141592654,0.019875148,-0.034802898,0
$$$2019-01-30 14:22:06.530143,2.744551157,2.107950133,3.005909169,-0.036677605,-0.039567259,0.042578302,2.819272566,1.96501159,3.141592654,0.018901056,-0.03518301,0
$$$2019-01-30 14:22:06.730199,2.751465895,2.114022945,3.011846795,-0.033812738,-0.037590996,0.042716105,2.826347179,1.968694392,3.141592654,0.017926963,-0.035563121,0
$$$2019-01-30 14:22:06.930182,2.763238309,2.124422506,3.021210729,-0.041319734,-0.046829506,0.049398808,2.833497815,1.972182376,3.141592654,0.016952871,-0.035943233,0
$$$2019-01-30 14:22:07.130154,2.770738232,2.131099829,3.02633536,-0.037842264,-0.042939529,0.031640861,2.840724472,1.975475541,3.141592654,0.015978778,-0.036323344,0
$$$2019-01-30 14:22:07.330230,2.779697248,2.135321947,3.0289897,-0.039639171,-0.035822846,0.017841308,2.848027152,1.978573887,3.141592654,0.015004686,-0.036703456,0
$$$2019-01-30 14:22:07.530206,2.789646627,2.137641165,3.030731353,-0.04328425,-0.027851345,0.006317006,2.855405855,1.981477415,3.141592654,0.014030593,-0.037083567,0
$$$2019-01-30 14:22:07.729975,2.797753369,2.140000098,3.029753133,-0.041469158,-0.022866517,-0.00788349,2.862860579,1.984186125,3.141592654,0.013056501,-0.037463679,0
$$$2019-01-30 14:22:07.930168,2.804712525,2.141757896,3.02524773,-0.038123244,-0.018485718,-0.024871345,2.870391326,1.986700015,3.141592654,0.012082408,-0.037843791,0
$$$2019-01-30 14:22:08.130155,2.809005872,2.142429013,3.018533491,-0.030794772,-0.013109928,-0.033820787,2.877998096,1.989019088,3.141592654,0.011108316,-0.038223902,0
$$$2019-01-30 14:22:08.330126,2.818163286,2.142619158,3.010242028,-0.036966808,-0.010276339,-0.045012092,2.885680887,1.991143342,3.141592654,0.010134223,-0.038604014,0
$$$2019-01-30 14:22:08.530654,2.82500986,2.142084396,3.002090774,-0.035810604,-0.006647766,-0.046739259,2.893439701,1.993072777,3.141592654,0.009160131,-0.038984125,0
$$$2019-01-30 14:22:08.730133,2.834505113,2.142164191,2.994875396,-0.040555044,-0.006719418,-0.042284233,2.901274537,1.994807394,3.141592654,0.008186038,-0.039364237,0
$$$2019-01-30 14:22:08.930208,2.838711893,2.142125197,2.989870521,-0.032158578,-0.005085352,-0.032941469,2.909185396,1.996347193,3.141592654,0.007211946,-0.039744348,0
$$$2019-01-30 14:22:09.130172,2.843897374,2.143555839,2.986977009,-0.028920686,-0.007637444,-0.009807219,2.917172277,1.997692173,3.141592654,0.006237854,-0.04012446,0
$$$2019-01-30 14:22:09.330156,2.847850327,2.14436814,2.986255058,-0.02464397,-0.007432863,0.003136732,2.92523518,1.998842334,3.141592654,0.005263761,-0.040504571,0
$$$2019-01-30 14:22:09.530201,2.860742011,2.144432356,2.987324633,-0.041211128,-0.00868887,0.012537536,2.933374105,1.999797677,3.141592654,0.004289669,-0.040884683,0
$$$2019-01-30 14:22:09.730171,2.873242594,2.143459413,2.986926829,-0.050250899,-0.007118148,0.00639303,2.941589053,2.000558202,3.141592654,0.003315576,-0.041264794,0
$$$2019-01-30 14:22:09.930047,2.882861467,2.143127342,2.98774259,-0.049182864,-0.006585912,0.008789253,2.949880023,2.001123907,3.141592654,0.002341484,-0.041644906,0
$$$2019-01-30 14:22:10.130178,2.894407249,2.142071726,2.989059974,-0.052855779,-0.005403803,0.013762139,2.958247015,2.001494795,3.141592654,0.001367391,-0.042025017,0
$$$2019-01-30 14:22:10.330173,2.90321897,2.140616707,2.990213846,-0.049355521,-0.002959859,0.013388429,2.96669003,2.001670864,3.141592654,0.000393299,-0.042405129,0
$$$2019-01-30 14:22:10.530190,2.913924112,2.136897973,2.991864275,-0.052064638,0.002603317,0.015938921,2.975178157,2.00166739,3.141592654,-0.000428037,-0.04247614,0
$$$2019-01-30 14:22:10.730164,2.927044479,2.134034437,2.994866347,-0.058413067,0.003275975,0.020980109,2.983680486,2.001499649,3.141592654,-0.001249373,-0.042547151,0
$$$2019-01-30 14:22:10.930209,2.937907351,2.132764183,2.998233236,-0.056800483,0.001109888,0.02336704,2.992197017,2.001167641,3.141592654,-0.002070709,-0.042618161,0
$$$2019-01-30 14:22:11.130198,2.951736792,2.130370631,3.002452109,-0.062467028,0.001434011,0.023064022,3.00072775,2.000671365,3.141592654,-0.002892045,-0.042689172,0
$$$2019-01-30 14:22:11.330129,2.961642432,2.128738651,3.005536106,-0.057228634,0.001322033,0.018420107,3.009272686,2.000010823,3.141592654,-0.003713381,-0.042760183,0
$$$2019-01-30 14:22:11.530152,2.974473343,2.126073614,3.010072811,-0.060682188,0.00266144,0.02290758,3.017831823,1.999186013,3.141592654,-0.004534717,-0.042831194,0
$$$2019-01-30 14:22:11.730128,2.983192782,2.122787064,3.013574265,-0.05416988,0.006034156,0.018532973,3.026405163,1.998196936,3.141592654,-0.005356053,-0.042902205,0
$$$2019-01-30 14:22:11.930187,2.995109369,2.121874452,3.017998102,-0.056489585,0.002170519,0.020166865,3.034992705,1.997043592,3.141592654,-0.006177388,-0.042973215,0
$$$2019-01-30 14:22:12.130098,3.004021224,2.111664821,3.024629374,-0.053927686,0.020612582,0.018699408,3.043594449,1.995725981,3.141592654,-0.006998724,-0.043044226,0
$$$2019-01-30 14:22:12.330118,3.009029899,2.102544864,3.031263125,-0.043768344,0.030001104,0.01957263,3.052210396,1.994244102,3.141592654,-0.00782006,-0.043115237,0
$$$2019-01-30 14:22:12.530201,3.022105711,2.10301073,3.038291791,-0.052594091,0.013297425,0.021959873,3.060840544,1.992597957,3.141592654,-0.008641396,-0.043186248,0
$$$2019-01-30 14:22:12.730043,3.032717643,2.105679222,3.041972565,-0.052034857,-0.000352729,0.020559773,3.069484895,1.990787544,3.141592654,-0.009462732,-0.043257259,0
$$$2019-01-30 14:22:12.930177,3.036466619,2.106375216,3.043120338,-0.037666492,-0.002512664,0.017517683,3.078143448,1.988812864,3.141592654,-0.010284068,-0.043328269,0
$$$2019-01-30 14:22:13.130193,3.044902033,2.10873894,3.044445358,-0.038962285,-0.008304422,0.018871562,3.086816203,1.986673917,3.141592654,-0.011105404,-0.04339928,0
$$$2019-01-30 14:22:13.330191,3.052033137,2.113731197,3.043755138,-0.036361247,-0.016942234,0.016658203,3.09550316,1.984370702,3.141592654,-0.01192674,-0.043470291,0
$$$2019-01-30 14:22:13.530149,3.062826506,2.116157277,3.045013038,-0.043185435,-0.017232614,0.019207532,3.104204319,1.981903221,3.141592654,-0.012748075,-0.043541302,0
$$$2019-01-30 14:22:13.730185,3.081157224,2.11412577,3.049018031,-0.064045997,-0.009399637,0.019229479,3.112919681,1.979271472,3.141592654,-0.013569411,-0.043612313,0
$$$2019-01-30 14:22:13.930279,3.098514529,2.113732429,3.054837969,-0.073637783,-0.007899538,0.021679517,3.121649244,1.976475456,3.141592654,-0.014390747,-0.043683323,0
$$$2019-01-30 14:22:14.130123,3.110148345,2.114013666,3.060464328,-0.066907513,-0.00718048,0.021978841,3.13039301,1.973515173,3.141592654,-0.015212083,-0.043754334,0
$$$2019-01-30 14:22:14.330195,3.123544057,2.115042304,3.065293914,-0.066656995,-0.008539198,0.018334144,3.139150978,1.970390623,3.141592654,-0.016033419,-0.043825345,0
$$$2019-01-30 14:22:14.530176,3.133108889,2.115593605,3.068540802,-0.058492022,-0.007553767,0.011806542,3.147923148,1.967101806,3.141592654,-0.016854755,-0.043896356,0
$$$2019-01-30 14:22:14.730163,3.144658245,2.115503736,3.071416045,-0.058118696,-0.005884307,0.009308455,3.15670952,1.963648721,3.141592654,-0.017676091,-0.043967367,0
$$$2019-01-30 14:22:14.930233,3.154346842,2.115945948,3.071586319,-0.053878711,-0.005705223,-0.00410876,3.165510095,1.960031369,3.141592654,-0.018497427,-0.044038377,0
$$$2019-01-30 14:22:15.130176,3.167162928,2.11583557,3.06904527,-0.058158462,-0.0049063,-0.016713804,3.174324871,1.956249751,3.141592654,-0.019318763,-0.044109388,0
$$$2019-01-30 14:22:15.330176,3.179234715,2.115093918,3.065276038,-0.0591281,-0.003044601,-0.024172336,3.18315385,1.952303864,3.141592654,-0.020140098,-0.044180399,0
$$$2019-01-30 14:22:15.530092,3.187449719,2.112831745,3.060786757,-0.051736139,0.001805527,-0.033325882,3.191997031,1.948193711,3.141592654,-0.020961434,-0.04425141,0
$$$2019-01-30 14:22:15.730156,3.197895427,2.110064177,3.05410053,-0.052312807,0.005215356,-0.043700292,3.200854414,1.943919291,3.141592654,-0.02178277,-0.044322421,0
$$$2019-01-30 14:22:15.930206,3.20839288,2.10774804,3.046526583,-0.052700385,0.006077841,-0.050173725,3.209695089,1.939495879,3.141592654,-0.022451349,-0.044084332,0
$$$2019-01-30 14:22:16.130135,3.22070153,2.10342605,3.035226469,-0.057165094,0.010247852,-0.062458867,3.218488147,1.934938751,3.141592654,-0.023119929,-0.043846243,0
$$$2019-01-30 14:22:16.330022,3.228660413,2.100070671,3.023625912,-0.050401671,0.01120192,-0.065016349,3.227233586,1.930247907,3.141592654,-0.023788508,-0.043608153,0
$$$2019-01-30 14:22:16.530164,3.238466039,2.095967402,3.010558162,-0.050654205,0.012722164,-0.073010012,3.235931408,1.925423348,3.141592654,-0.024457087,-0.043370064,0
$$$2019-01-30 14:22:16.730149,3.25165744,2.092346444,2.998769572,-0.057917145,0.011382483,-0.062477219,3.244581612,1.920465073,3.141592654,-0.025125666,-0.043131975,0
$$$2019-01-30 14:22:16.930151,3.262923268,2.088775682,2.99054229,-0.058053943,0.010702638,-0.046349876,3.253184198,1.915373081,3.141592654,-0.025794246,-0.042893886,0
$$$2019-01-30 14:22:17.130226,3.274633406,2.082873832,2.987140476,-0.059811574,0.014846578,-0.019360296,3.261739166,1.910147374,3.141592654,-0.026462825,-0.042655797,0
$$$2019-01-30 14:22:17.330214,3.281524468,2.078635278,2.987572239,-0.050218105,0.015130437,0.002690689,3.270246517,1.904787951,3.141592654,-0.027131404,-0.042417708,0
$$$2019-01-30 14:22:17.530236,3.289504297,2.073740933,2.990654147,-0.047219408,0.01632246,0.020213938,3.27870625,1.899294813,3.141592654,-0.027799983,-0.042179619,0
$$$2019-01-30 14:22:17.730175,3.295456783,2.069333336,2.99812775,-0.0410668,0.016686561,0.044537796,3.287118364,1.893667958,3.141592654,-0.028468563,-0.04194153,0
$$$2019-01-30 14:22:17.930152,3.302150212,2.062848849,3.00807688,-0.039705722,0.021118748,0.06048333,3.295482861,1.887907388,3.141592654,-0.029137142,-0.041703441,0
$$$2019-01-30 14:22:18.130145,3.308888087,2.054851846,3.02164532,-0.039368321,0.026986222,0.079891591,3.303799741,1.882013101,3.141592654,-0.029805721,-0.041465351,0
$$$2019-01-30 14:22:18.330252,3.315130751,2.046427171,3.036431955,-0.038018514,0.031654042,0.081235564,3.312069002,1.875985099,3.141592654,-0.0304743,-0.041227262,0
$$$2019-01-30 14:22:18.530150,3.321416781,2.037637432,3.048344724,-0.037168216,0.035324337,0.065996761,3.320290646,1.869823381,3.141592654,-0.031142879,-0.040989173,0
$$$2019-01-30 14:22:18.730166,3.324484076,2.030257994,3.056337616,-0.029360423,0.035322904,0.04900278,3.328464671,1.863527948,3.141592654,-0.031811459,-0.040751084,0
$$$2019-01-30 14:22:18.930227,3.326012508,2.024374947,3.061255028,-0.021206022,0.032491356,0.034854738,3.336591079,1.857098798,3.141592654,-0.032480038,-0.040512995,0
$$$2019-01-30 14:22:19.130051,3.328693771,2.018415022,3.063328157,-0.018886753,0.03083255,0.013708601,3.344669869,1.850535932,3.141592654,-0.033148617,-0.040274906,0
$$$2019-01-30 14:22:19.330111,3.335874816,2.008402788,3.063622592,-0.02771406,0.037730425,-0.003909751,3.352701042,1.843839351,3.141592654,-0.033817196,-0.040036817,0
$$$2019-01-30 14:22:19.530173,3.341525195,2.001072531,3.060297066,-0.029058137,0.036303018,-0.023122339,3.360684596,1.837009054,3.141592654,-0.034485776,-0.039798728,0
$$$2019-01-30 14:22:19.730211,3.349282868,1.990157428,3.054516675,-0.034930332,0.042700978,-0.037387325,3.368620533,1.830045041,3.141592654,-0.035154355,-0.039560639,0
$$$2019-01-30 14:22:19.930164,3.360281885,1.975937051,3.045453366,-0.045851381,0.052725282,-0.054721042,3.376508852,1.822947312,3.141592654,-0.035822934,-0.03932255,0
$$$2019-01-30 14:22:20.130159,3.369061975,1.964817737,3.0350075,-0.047086333,0.052109126,-0.061877852,3.384349553,1.815715867,3.141592654,-0.036491513,-0.03908446,0
$$$2019-01-30 14:22:20.330127,3.382807454,1.952281411,3.021596335,-0.058819936,0.053506971,-0.076655544,3.392142636,1.808350707,3.141592654,-0.037160093,-0.038846371,0
$$$2019-01-30 14:22:20.530098,3.395480753,1.941886342,3.009244375,-0.063075142,0.04963972,-0.075249182,3.399888101,1.80085183,3.141592654,-0.037828672,-0.038608282,0
$$$2019-01-30 14:22:20.730202,3.412552429,1.92984904,2.995928962,-0.075458353,0.04936606,-0.078232307,3.407585949,1.793219238,3.141592654,-0.038497251,-0.038370193,0
$$$2019-01-30 14:22:20.930119,3.422745661,1.923024005,2.980770638,-0.066949523,0.039498479,-0.07827315,3.415236178,1.78545293,3.141592654,-0.03916583,-0.038132104,0
$$$2019-01-30 14:22:21.130143,3.438470414,1.912129332,2.967523452,-0.075138379,0.040248675,-0.064905024,3.42283879,1.777552906,3.141592654,-0.03983441,-0.037894015,0
$$$2019-01-30 14:22:21.330031,3.460024327,1.897350942,2.95636857,-0.093617799,0.046322717,-0.05801191,3.430362874,1.769534442,3.141592654,-0.04035023,-0.037346825,0
$$$2019-01-30 14:22:21.530183,3.477798049,1.886999811,2.946182869,-0.094928193,0.041365445,-0.056073222,3.43777752,1.761412814,3.141592654,-0.040866051,-0.036799635,0
$$$2019-01-30 14:22:21.730151,3.499420122,1.874174745,2.939244918,-0.104840028,0.041702959,-0.03774827,3.445082728,1.753188021,3.141592654,-0.041381872,-0.036252445,0
$$$2019-01-30 14:22:21.930157,3.514844347,1.863995132,2.932972138,-0.096683671,0.038454025,-0.029106187,3.452278498,1.744860065,3.141592654,-0.041897693,-0.035705255,0
$$$2019-01-30 14:22:22.130158,3.534470895,1.850683582,2.928328109,-0.102197419,0.04103524,-0.017929429,3.45936483,1.736428944,3.141592654,-0.042413514,-0.035158065,0
$$$2019-01-30 14:22:22.330234,3.549313891,1.841110461,2.927814842,-0.09385763,0.036644934,0.002532632,3.466341724,1.727894659,3.141592654,-0.042929335,-0.034610875,0
$$$2019-01-30 14:22:22.530153,3.566950906,1.827885345,2.93272604,-0.096504887,0.040467597,0.029170075,3.47320918,1.71925721,3.141592654,-0.043445156,-0.034063685,0
$$$2019-01-30 14:22:22.730123,3.586763849,1.812092676,2.941751794,-0.103588833,0.047263207,0.047965692,3.479967198,1.710516597,3.141592654,-0.043960977,-0.033516494,0
$$$2019-01-30 14:22:22.930144,3.601209284,1.800066314,2.954683842,-0.094675744,0.046023692,0.070525007,3.486615778,1.701672819,3.141592654,-0.044476798,-0.032969304,0
$$$2019-01-30 14:22:23.130135,3.61596433,1.786292524,2.970484379,-0.090695399,0.049247899,0.086873444,3.49315492,1.692725878,3.141592654,-0.044992619,-0.032422114,0
$$$2019-01-30 14:22:23.330215,3.62431164,1.775872171,2.985890715,-0.073393383,0.047079378,0.08867303,3.499584623,1.683675772,3.141592654,-0.04550844,-0.031874924,0
$$$2019-01-30 14:22:23.530134,3.632971123,1.762610103,3.000842728,-0.064819965,0.051988256,0.084027375,3.505904889,1.674522502,3.141592654,-0.04602426,-0.031327734,0
$$$2019-01-30 14:22:23.730213,3.63937137,1.751379753,3.013483358,-0.054088286,0.051594816,0.071040708,3.512115717,1.665266068,3.141592654,-0.046540081,-0.030780544,0
$$$2019-01-30 14:22:23.930165,3.643244236,1.739291666,3.02074198,-0.042655965,0.054034627,0.050234475,3.518217107,1.655906469,3.141592654,-0.047055902,-0.030233354,0
$$$2019-01-30 14:22:24.130080,3.643598362,1.730784535,3.022892229,-0.027503841,0.04890964,0.025242319,3.524209059,1.646443707,3.141592654,-0.047571723,-0.029686164,0
$$$2019-01-30 14:22:24.330196,3.64467805,1.721650234,3.024808117,-0.020415968,0.047077308,0.016599492,3.530091572,1.63687778,3.141592654,-0.048087544,-0.029138974,0
$$$2019-01-30 14:22:24.529932,3.647259758,1.708333118,3.025296921,-0.020470651,0.054482502,0.000945733,3.535864648,1.627208689,3.141592654,-0.048603365,-0.028591784,0
$$$2019-01-30 14:22:24.730144,3.650925942,1.699092982,3.023575562,-0.021670016,0.049899415,-0.01753535,3.541528286,1.617436434,3.141592654,-0.049119186,-0.028044594,0
$$$2019-01-30 14:22:24.930211,3.652533876,1.69572746,3.019175599,-0.016614393,0.035368914,-0.03226276,3.547082486,1.607561015,3.141592654,-0.049635007,-0.027497404,0
$$$2019-01-30 14:22:25.130162,3.652900732,1.695581291,3.014876328,-0.010344899,0.020521052,-0.033189885,3.552527247,1.597582431,3.141592654,-0.050150828,-0.026950214,0
$$$2019-01-30 14:22:25.330192,3.64999539,1.697069779,3.007486293,0.000554177,0.009381473,-0.044340908,3.557862571,1.587500684,3.141592654,-0.050666649,-0.026403024,0
$$$2019-01-30 14:22:25.530197,3.648060994,1.698673201,2.99877389,0.004816157,0.002529787,-0.053046461,3.563088457,1.577315772,3.141592654,-0.05118247,-0.025855834,0
$$$2019-01-30 14:22:25.730174,3.641935242,1.690058461,2.98956973,0.013195419,0.021341095,-0.055074372,3.568204905,1.567027696,3.141592654,-0.05169829,-0.025308643,0
$$$2019-01-30 14:22:25.930160,3.637374225,1.662791624,2.977153644,0.008762999,0.070993104,-0.06495313,3.573211914,1.556636456,3.141592654,-0.052214111,-0.024761453,0
$$$2019-01-30 14:22:26.130163,3.635515381,1.644831019,2.965023994,0.002850893,0.079079365,-0.067732432,3.578109486,1.546142051,3.141592654,-0.052729932,-0.024214263,0
$$$2019-01-30 14:22:26.330148,3.636251848,1.628828577,2.955752319,-0.005685277,0.078674611,-0.059366914,3.58289762,1.535544483,3.141592654,-0.053245753,-0.023667073,0
$$$2019-01-30 14:22:26.530279,3.635381084,1.61692742,2.947402763,-0.006072429,0.070363259,-0.050277849,3.587576315,1.52484375,3.141592654,-0.053761574,-0.023119883,0
$$$2019-01-30 14:22:26.730290,3.635435595,1.602340241,2.939275951,-0.009516738,0.070804644,-0.045023848,3.592114663,1.514290552,3.141592654,-0.051770405,-0.022263591,0
$$$2019-01-30 14:22:26.930243,3.637170921,1.591602925,2.933348868,-0.01364226,0.062285991,-0.035561618,3.596481752,1.504135588,3.141592654,-0.049779235,-0.021407299,0
$$$2019-01-30 14:22:27.130297,3.643083146,1.581315209,2.929173595,-0.024604594,0.054628244,-0.027798199,3.600677582,1.494378858,3.141592654,-0.047788066,-0.020551007,0
$$$2019-01-30 14:22:27.330184,3.651215266,1.569824743,2.925012715,-0.036151815,0.051633843,-0.022255255,3.604702155,1.485020362,3.141592654,-0.045796896,-0.019694715,0
$$$2019-01-30 14:22:27.530173,3.656923934,1.5595548,2.921645586,-0.037327332,0.048316577,-0.01321957,3.608555469,1.476060099,3.141592654,-0.043805727,-0.018838423,0
$$$2019-01-30 14:22:27.730171,3.666825724,1.542212569,2.926017185,-0.049968212,0.059125281,0.022256087,3.612237524,1.467498071,3.141592654,-0.041814558,-0.017982131,0
$$$2019-01-30 14:22:27.930154,3.675225383,1.529689073,2.93319202,-0.051829299,0.056092812,0.038060943,3.615748321,1.459334276,3.141592654,-0.039823388,-0.017125839,0
$$$2019-01-30 14:22:28.130099,3.686908281,1.515915689,2.94365881,-0.060139975,0.055616962,0.05694462,3.61908786,1.451568716,3.141592654,-0.037832219,-0.016269547,0
$$$2019-01-30 14:22:28.330170,3.696812099,1.508218244,2.956719835,-0.058367964,0.043749798,0.073227676,3.62225614,1.444201389,3.141592654,-0.035841049,-0.015413255,0
$$$2019-01-30 14:22:28.530135,3.708073308,1.495086054,2.971692575,-0.062272782,0.047998538,0.084205111,3.625253162,1.437232296,3.141592654,-0.03384988,-0.014556964,0
$$$2019-01-30 14:22:28.730176,3.713521222,1.484089809,2.985738351,-0.051232513,0.048600999,0.083575897,3.628078926,1.430661437,3.141592654,-0.031858711,-0.013700672,0
$$$2019-01-30 14:22:28.930107,3.718776054,1.470853162,3.000088873,-0.044941131,0.053935715,0.080171775,3.630733431,1.424488812,3.141592654,-0.029867541,-0.01284438,0
$$$2019-01-30 14:22:29.130221,3.724575304,1.458050886,3.014621384,-0.041908881,0.05612604,0.078473195,3.633216677,1.41871442,3.141592654,-0.027876372,-0.011988088,0
$$$2019-01-30 14:22:29.330168,3.726713732,1.452796098,3.025908121,-0.029911702,0.042777939,0.066492605,3.635528666,1.413338263,3.141592654,-0.025885202,-0.011131796,0
$$$2019-01-30 14:22:29.530197,3.726792177,1.451895225,3.027824392,-0.017452625,0.026516255,0.020364873,3.637669396,1.40836034,3.141592654,-0.023894033,-0.010275504,0
$$$2019-01-30 14:22:29.730138,3.725981101,1.446383318,3.022133084,-0.009687004,0.027071064,-0.019196788,3.639638867,1.40378065,3.141592654,-0.021902864,-0.009419212,0
$$$2019-01-30 14:22:29.929988,3.727404697,1.431940723,3.015771736,-0.012253,0.045625375,-0.029155638,3.64143708,1.399599194,3.141592654,-0.019911694,-0.00856292,0
$$$2019-01-30 14:22:30.130106,3.728878016,1.41863789,3.009365293,-0.013613665,0.053846375,-0.037179405,3.643064035,1.395815972,3.141592654,-0.017920525,-0.007706628,0
$$$2019-01-30 14:22:30.330182,3.725286221,1.407230568,3.007213066,-0.003384488,0.055900669,-0.015949615,3.644519731,1.392430984,3.141592654,-0.015929355,-0.006850336,0
$$$2019-01-30 14:22:30.530203,3.719106052,1.398999202,3.014343176,0.008697483,0.051148096,0.036902712,3.645804169,1.38944423,3.141592654,-0.013938186,-0.005994044,0
$$$2019-01-30 14:22:30.730153,3.712445088,1.393499369,3.027222503,0.017518735,0.042784711,0.069602331,3.646917349,1.38685571,3.141592654,-0.011947016,-0.005137752,0
$$$2019-01-30 14:22:30.930130,3.704405605,1.389333549,3.041979703,0.026037218,0.035375567,0.077395774,3.64785927,1.384665424,3.141592654,-0.009955847,-0.00428146,0
$$$2019-01-30 14:22:31.130196,3.699397624,1.387397693,3.053326295,0.025193652,0.025467492,0.060309237,3.648629933,1.382873371,3.141592654,-0.007964678,-0.003425168,0
$$$2019-01-30 14:22:31.330137,3.693368359,1.385589884,3.053712295,0.02692882,0.019593095,0.002737266,3.649229337,1.381479552,3.141592654,-0.005973508,-0.002568876,0
$$$2019-01-30 14:22:31.530106,3.687259409,1.384450147,3.056661544,0.028184571,0.01481425,0.01681454,3.649657483,1.380483968,3.141592654,-0.003982339,-0.001712584,0
$$$2019-01-30 14:22:31.730189,3.679956781,1.38407853,3.060636368,0.031583504,0.010609685,0.018736981,3.649914371,1.379886617,3.141592654,-0.001991169,-0.000856292,0
$$$2019-01-30 14:22:31.930172,3.674982378,1.384877792,3.065973686,0.028812767,0.005254922,0.028367977,3.65,1.3796875,3.141592654,0,0,0
$$$2019-01-30 14:22:32.130150,3.673238866,1.385600004,3.07071167,0.020359545,0.001752029,0.027186697,3.65,1.3796875,3.141592654,0,0,0
$$$2019-01-30 14:22:32.330135,3.669355733,1.38730779,3.077062975,0.020185917,-0.002028997,0.031822759,3.65,1.3796875,3.141592654,0,0,0
$$$2019-01-30 14:22:32.530173,3.667826234,1.388288656,3.08229736,0.014970133,-0.003050456,0.027884478,3.65,1.3796875,3.141592654,0,0,0
$$$2019-01-30 14:22:32.730158,3.662855076,1.389329668,3.087566151,0.019268576,-0.003318246,0.025944939,3.65,1.3796875,3.141592654,0,0,0
$$$2019-01-30 14:22:32.930208,3.66020811,1.389484153,3.092407932,0.016691293,-0.001941943,0.023289222,3.65,1.3796875,3.141592654,0,0,0
$$$2019-01-30 14:22:33.130042,3.65874573,1.389119109,3.095055426,0.012643846,-0.000203677,0.012326084,3.65,1.3796875,3.141592654,0,0,0
$$$2019-01-30 14:22:33.330057,3.657580195,1.389709214,3.094657142,0.009794998,-0.001264088,-0.003573173,3.65,1.3796875,3.141592654,0,0,0
$$$2019-01-30 14:22:33.530125,3.657941924,1.391216383,3.094395566,0.005006114,-0.003967787,-0.00497819,3.65,1.3796875,3.141592654,0,0,0
$$$2019-01-30 14:22:33.729988,3.659977232,1.392321923,3.091883437,-0.001336836,-0.00482771,-0.014728903,3.65,1.3796875,3.141592654,0,0,0
$$$2019-01-30 14:22:33.930249,3.662208375,1.393110641,3.088924697,-0.005422811,-0.00467269,-0.018518664,3.65,1.3796875,3.141592654,0,0,0
$$$2019-01-30 14:22:34.130188,3.666423043,1.394891293,3.089021154,-0.011870075,-0.00690766,-0.005072378,3.65,1.3796875,3.141592654,0,0,0
$$$2019-01-30 14:22:34.330146,3.670739853,1.394865367,3.088149967,-0.015980333,-0.004372236,-0.00964434,3.65,1.3796875,3.141592654,0,0,0
$$$2019-01-30 14:22:34.530216,3.674292319,1.393735977,3.086461902,-0.016837299,-0.000516985,-0.008162174,3.65,1.3796875,3.141592654,0,0,0
$$$2019-01-30 14:22:34.730225,3.676073967,1.392367263,3.084864287,-0.013605569,0.00239349,-0.007482378,3.65,1.3796875,3.141592654,0,0,0
$$$2019-01-30 14:22:34.930171,3.677413649,1.390698252,3.084710899,-0.010854553,0.004748468,0.000432566,3.65,1.3796875,3.141592654,0,0,0
$$$2019-01-30 14:22:35.130175,3.680109761,1.392237866,3.085842042,-0.011769109,-0.000870352,0.007963233,3.65,1.3796875,3.141592654,0,0,0
$$$2019-01-30 14:22:35.330186,3.682489504,1.395099173,3.087046449,-0.011463093,-0.006857853,0.00840244,3.65,1.3796875,3.141592654,0,0,0
$$$2019-01-30 14:22:35.530203,3.684345454,1.398229506,3.088020119,-0.010149006,-0.010800742,0.007880183,3.65,1.3796875,3.141592654,0,0,0
$$$2019-01-30 14:22:35.730194,3.684406433,1.399515864,3.091159208,-0.005806563,-0.008940106,0.019739631,3.65,1.3796875,3.141592654,0,0,0
$$$2019-01-30 14:22:35.930201,3.682577993,1.400800199,3.094058092,0.000690232,-0.007651446,0.020569814,3.65,1.3796875,3.141592654,0,0,0
$$$2019-01-30 14:22:36.130105,3.679519407,1.400642924,3.095443765,0.006869527,-0.003727671,0.013842218,3.65,1.3796875,3.141592654,0,0,0
$$$2019-01-30 14:22:36.330736,3.672996357,1.399390646,3.097277982,0.017660966,0.001204074,0.016267412,3.65,1.3796875,3.141592654,0,0,0
$$$2019-01-30 14:22:36.530184,3.666196213,1.397331954,3.100576338,0.024376775,0.005729488,0.01896772,3.65,1.3796875,3.141592654,0,0,0
$$$2019-01-30 14:22:36.730147,3.662303608,1.395558139,3.103704608,0.022107629,0.00739367,0.016079996,3.65,1.3796875,3.141592654,0,0,0
$$$2019-01-30 14:22:36.930157,3.659123093,1.392008999,3.106578754,0.019153236,0.012038255,0.015415682,3.65,1.3796875,3.141592654,0,0,0
$$$2019-01-30 14:22:37.130121,3.656874155,1.38989279,3.108896816,0.015616003,0.011574584,0.013531495,3.65,1.3796875,3.141592654,0,0,0
$$$2019-01-30 14:22:37.330140,3.655062466,1.388467508,3.111557808,0.012719887,0.009797082,0.014016275,3.65,1.3796875,3.141592654,0,0,0
$$$2019-01-30 14:22:37.530162,3.654871557,1.387727567,3.113837319,0.007670655,0.007198415,0.009653496,3.65,1.3796875,3.141592654,0,0,0
$$$2019-01-30 14:22:37.730253,3.654612176,1.387625413,3.112952887,0.004955792,0.004361067,-0.005608091,3.65,1.3796875,3.141592654,0,0,0
$$$2019-01-30 14:22:37.930184,3.655031226,1.387508741,3.110072071,0.001950296,0.002725672,-0.01665455,3.65,1.3796875,3.141592654,0,0,0
$$$2019-01-30 14:22:38.130154,3.656639807,1.386691416,3.107459301,-0.002349698,0.003201159,-0.016367076,3.65,1.3796875,3.141592654,0,0,0
$$$2019-01-30 14:22:38.330160,3.661215364,1.386312492,3.10634079,-0.011097252,0.002342794,-0.01277212,3.65,1.3796875,3.141592654,0,0,0
$$$2019-01-30 14:22:38.530154,3.664960074,1.385905555,3.105514929,-0.014360739,0.001950318,-0.009608731,3.65,1.3796875,3.141592654,0,0,0
$$$2019-01-30 14:22:38.730231,3.667628418,1.386360281,3.105832762,-0.013888104,-3.01E-05,-0.0064445,3.65,1.3796875,3.141592654,0,0,0
$$$2019-01-30 14:22:38.930170,3.668969752,1.38789902,3.105445823,-0.010721065,-0.003376835,-0.009756375,3.65,1.3796875,3.141592654,0,0,0
$$$2019-01-30 14:22:39.130212,3.670160235,1.388200573,3.106073857,-0.008669767,-0.002659922,-0.005885158,3.65,1.3796875,3.141592654,0,0,0
$$$2019-01-30 14:22:39.330280,3.671069368,1.388270625,3.107545855,-0.006908704,-0.001737387,-6.53E-06,3.65,1.3796875,3.141592654,0,0,0
$$$2019-01-30 14:22:39.530164,3.674574626,1.388230382,3.11103588,-0.011423123,-0.001144454,0.008306044,3.65,1.3796875,3.141592654,0,0,0
$$$2019-01-30 14:22:39.730062,3.677244668,1.387261677,3.114033086,-0.012299655,0.001248222,0.006275949,3.65,1.3796875,3.141592654,0,0,0
$$$2019-01-30 14:22:39.930281,3.678385795,1.38667927,3.117164688,-0.009523682,0.001903408,0.008472133,3.65,1.3796875,3.141592654,0,0,0
$$$2019-01-30 14:22:40.130132,3.677426914,1.387594165,3.121020475,-0.003382463,-0.000794631,0.017785174,3.65,1.3796875,3.141592654,0,0,0
$$$2019-01-30 14:22:40.330092,3.676252049,1.388492077,3.124627122,0.000594584,-0.002307316,0.012893636,3.65,1.3796875,3.141592654,0,0,0
$$$2019-01-30 14:22:40.530175,3.673071869,1.388385186,3.128574779,0.007096775,-0.000978458,0.014755581,3.65,1.3796875,3.141592654,0,0,0
$$$2019-01-30 14:22:40.730198,3.670070005,1.387943053,3.131769257,0.010446946,0.000458991,0.01157765,3.65,1.3796875,3.141592654,0,0,0
$$$2019-01-30 14:22:40.930198,3.665603828,1.387948291,3.134975426,0.015501624,0.000349372,0.014266395,3.65,1.3796875,3.141592654,0,0,0
$$$2019-01-30 14:22:41.130158,3.661605509,1.387362283,3.136907367,0.017399685,0.001504501,0.008960079,3.65,1.3796875,3.141592654,0,0,0
$$$2019-01-30 14:22:41.330124,3.659542147,1.389419062,3.138100834,0.014411731,-0.003498605,0.004285971,3.65,1.3796875,3.141592654,0,0,0
$$$2019-01-30 14:22:41.530171,3.657759061,1.391544458,3.139382815,0.012091927,-0.006517796,0.007169162,3.65,1.3796875,3.141592654,0,0,0
$$$2019-01-30 14:22:41.730229,3.657227622,1.392941055,3.139508059,0.008085674,-0.006714803,0.001706038,3.65,1.3796875,3.141592654,0,0,0
$$$2019-01-30 14:22:41.930245,3.654351699,1.392922241,3.138099901,0.010764537,-0.003792992,-0.001866124,3.65,1.3796875,3.141592654,0,0,0
$$$2019-01-30 14:22:42.130134,3.65297647,1.392979054,3.136978264,0.009110229,-0.002289415,-0.00529148,3.65,1.3796875,3.141592654,0,0,0
$$$2019-01-30 14:22:42.330262,3.654943166,1.396462789,3.133253951,0.001083488,-0.008741111,-0.018085928,3.65,1.3796875,3.141592654,0,0,0
$$$2019-01-30 14:22:42.530176,3.658477296,1.401369077,3.13019573,-0.006820138,-0.015506619,-0.015864329,3.65,1.3796875,3.141592654,0,0,0
$$$2019-01-30 14:22:42.730010,3.662039745,1.404780367,3.126085479,-0.011406023,-0.016247716,-0.017910922,3.65,1.3796875,3.141592654,0,0,0
$$$2019-01-30 14:22:42.930134,3.665940571,1.404714594,3.122751747,-0.014835091,-0.009317485,-0.016116852,3.65,1.3796875,3.141592654,0,0,0
$$$2019-01-30 14:22:43.130237,3.669573774,1.404718117,3.118761418,-0.016242538,-0.005499354,-0.021191363,3.65,1.3796875,3.141592654,0,0,0
$$$2019-01-30 14:22:43.330216,3.674132143,1.403509087,3.115925717,-0.019072179,-0.000789162,-0.017889671,3.65,1.3796875,3.141592654,0,0,0
$$$2019-01-30 14:22:43.530102,3.67678587,1.401438738,3.114292813,-0.016699104,0.003810692,-0.012158083,3.65,1.3796875,3.141592654,0,0,0
$$$2019-01-30 14:22:43.730189,3.67795266,1.399937885,3.114164642,-0.012154202,0.005315897,-0.005857895,3.65,1.3796875,3.141592654,0,0,0
$$$2019-01-30 14:22:43.930176,3.678053367,1.399221639,3.117661451,-0.007233329,0.004575852,0.00968809,3.65,1.3796875,3.141592654,0,0,0
$$$2019-01-30 14:22:44.130126,3.678595857,1.394229837,3.120229834,-0.005542214,0.013226809,0.003335015,3.65,1.3796875,3.141592654,0,0,0
$$$2019-01-30 14:22:44.330172,3.678664368,1.38704768,3.122605069,-0.003627185,0.022875534,0.004243645,3.65,1.3796875,3.141592654,0,0,0
$$$2019-01-30 14:22:44.530268,3.675839232,1.385169846,3.127231065,0.003872805,0.017249589,0.016486828,3.65,1.3796875,3.141592654,0,0,0
$$$2019-01-30 14:22:44.730192,3.670529663,1.386667152,3.132574944,0.013593888,0.006874081,0.015312379,3.65,1.3796875,3.141592654,0,0,0
$$$2019-01-30 14:22:44.930182,3.667919349,1.387515098,3.138494556,0.013393325,0.002159298,0.015119279,3.65,1.3796875,3.141592654,0,0,0
$$$2019-01-30 14:22:45.130135,3.6665889,1.391513706,-3.140327732,0.010559468,-0.007276965,0.013934665,3.65,1.3796875,3.141592654,0,0,0
$$$2019-01-30 14:22:45.330182,3.666579193,1.39238933,-3.13682515,0.006075044,-0.006059912,0.010642738,3.65,1.3796875,3.141592654,0,0,0
$$$2019-01-30 14:22:45.530231,3.663651999,1.395926401,-3.134290998,0.009689415,-0.011028096,0.012957853,3.65,1.3796875,3.141592654,0,0,0
$$$2019-01-30 14:22:45.730178,3.65949048,1.397152319,-3.133435932,0.014400919,-0.008991606,0.007373858,3.65,1.3796875,3.141592654,0,0,0
$$$2019-01-30 14:22:45.930177,3.656836991,1.398373904,-3.135244011,0.013898195,-0.007805124,-0.006797758,3.65,1.3796875,3.141592654,0,0,0
$$$2019-01-30 14:22:46.130170,3.655212914,1.398474414,-3.137148972,0.011438103,-0.004720262,-0.009611,3.65,1.3796875,3.141592654,0,0,0
$$$2019-01-30 14:22:46.330155,3.65505741,1.397970753,-3.138510605,0.006909465,-0.001639365,-0.007368249,3.65,1.3796875,3.141592654,0,0,0
$$$2019-01-30 14:22:46.530184,3.655659583,1.397820216,3.141401975,0.002690852,-0.000613962,-0.016530021,3.65,1.3796875,3.141592654,0,0,0
$$$2019-01-30 14:22:46.730169,3.657138204,1.397678557,3.139357167,-0.001598257,-4.39E-05,-0.01305214,3.65,1.3796875,3.141592654,0,0,0
$$$2019-01-30 14:22:46.930176,3.658975387,1.397575191,3.137453385,-0.004826016,0.000195612,-0.014081055,3.65,1.3796875,3.141592654,0,0,0
$$$2019-01-30 14:22:47.130052,3.661169924,1.398109897,3.136852714,-0.007439155,-0.001032686,-0.007869575,3.65,1.3796875,3.141592654,0,0,0
$$$2019-01-30 14:22:47.330110,3.664653356,1.39902015,3.135043988,-0.011677406,-0.002553918,-0.011224148,3.65,1.3796875,3.141592654,0,0,0
$$$2019-01-30 14:22:47.530237,3.668787785,1.399207867,3.132699269,-0.015499926,-0.001915198,-0.012866041,3.65,1.3796875,3.141592654,0,0,0
$$$2019-01-30 14:22:47.730226,3.671657766,1.398331714,3.131291964,-0.015021696,0.000714384,-0.009202644,3.65,1.3796875,3.141592654,0,0,0
$$$2019-01-30 14:22:47.930123,3.674266355,1.396571376,3.131196141,-0.014210644,0.004103591,-0.003156042,3.65,1.3796875,3.141592654,0,0,0
$$$2019-01-30 14:22:48.130171,3.676144959,1.395290738,3.130885967,-0.01218523,0.005044691,-0.004265756,3.65,1.3796875,3.141592654,0,0,0
$$$2019-01-30 14:22:48.330171,3.678827267,1.39440165,3.13072332,-0.012723826,0.004735912,-0.003773623,3.65,1.3796875,3.141592654,0,0,0
$$$2019-01-30 14:22:48.530193,3.679056528,1.39466429,3.132542008,-0.007793819,0.002152504,0.010297582,3.65,1.3796875,3.141592654,0,0,0
$$$2019-01-30 14:22:48.730213,3.67726169,1.394983765,3.134171236,-0.000653728,0.000595381,0.012756702,3.65,1.3796875,3.141592654,0,0,0
$$$2019-01-30 14:22:48.930115,3.675068491,1.393751114,3.13576319,0.004265099,0.003007063,0.010967561,3.65,1.3796875,3.141592654,0,0,0
$$$2019-01-30 14:22:49.130124,3.672593003,1.393360784,3.137845548,0.007709678,0.002598863,0.014246501,3.65,1.3796875,3.141592654,0,0,0
$$$2019-01-30 14:22:49.330168,3.669825814,1.392341315,3.140810557,0.010303701,0.003692786,0.017288821,3.65,1.3796875,3.141592654,0,0,0
$$$2019-01-30 14:22:49.530198,3.668501918,1.390348135,-3.139787846,0.008726684,0.006360602,0.013179663,3.65,1.3796875,3.141592654,0,0,0
$$$2019-01-30 14:22:49.730211,3.666902694,1.388730886,-3.137404512,0.008417409,0.007090957,0.014001217,3.65,1.3796875,3.141592654,0,0,0
$$$2019-01-30 14:22:49.930161,3.665389091,1.38712319,-3.136410291,0.008065829,0.007483145,0.007333608,3.65,1.3796875,3.141592654,0,0,0
$$$2019-01-30 14:22:50.130207,3.663315713,1.385547671,-3.135132323,0.009057292,0.007633932,0.009248374,3.65,1.3796875,3.141592654,0,0,0
$$$2019-01-30 14:22:50.330148,3.660908512,1.383705347,-3.13505062,0.010339034,0.008284966,0.00634314,3.65,1.3796875,3.141592654,0,0,0
$$$2019-01-30 14:22:50.530156,3.659536869,1.385297353,-3.136099748,0.008841121,0.00136269,0.000347578,3.65,1.3796875,3.141592654,0,0,0
$$$2019-01-30 14:22:50.730172,3.65820567,1.386797048,-3.138041715,0.007897136,-0.002416246,-0.005303596,3.65,1.3796875,3.141592654,0,0,0
$$$2019-01-30 14:22:50.930158,3.657445519,1.388006251,3.141484048,0.006146766,-0.003961919,-0.01524015,3.65,1.3796875,3.141592654,0,0,0
$$$2019-01-30 14:22:51.130754,3.657280988,1.387128081,3.134394105,0.003886062,-0.000405908,-0.036293547,3.65,1.3796875,3.141592654,0,0,0
$$$2019-01-30 14:22:51.330162,3.65829253,1.385892608,3.128856603,7.43E-05,0.002392257,-0.03281036,3.65,1.3796875,3.141592654,0,0,0
$$$2019-01-30 14:22:51.530127,3.665869832,1.379197561,3.123050657,-0.016226852,0.01544825,-0.020617718,3.65,1.3796875,3.141592654,0,0,0
$$$2019-01-30 14:22:51.730222,3.672007943,1.375422113,3.11814474,-0.022542625,0.01665407,-0.017656929,3.65,1.3796875,3.141592654,0,0,0
$$$2019-01-30 14:22:51.930186,3.674385389,1.37796357,3.114666027,-0.01791829,0.00401665,-0.012592119,3.65,1.3796875,3.141592654,0,0,0
$$$2019-01-30 14:22:52.130173,3.677680117,1.382696907,3.113137836,-0.017057281,-0.007941262,-0.009379874,3.65,1.3796875,3.141592654,0,0,0
$$$2019-01-30 14:22:52.330223,3.680159348,1.386761667,3.108675824,-0.014824255,-0.013368971,-0.018469793,3.65,1.3796875,3.141592654,0,0,0
$$$2019-01-30 14:22:52.530082,3.682488193,1.391821968,3.105720715,-0.013120043,-0.018608277,-0.013397331,3.65,1.3796875,3.141592654,0,0,0
$$$2019-01-30 14:22:52.730139,3.684203169,1.39458345,3.103219394,-0.010968126,-0.016696362,-0.012225518,3.65,1.3796875,3.141592654,0,0,0
$$$2019-01-30 14:22:52.930128,3.685912723,1.397038652,3.100539285,-0.009728347,-0.014954857,-0.012193118,3.65,1.3796875,3.141592654,0,0,0
$$$2019-01-30 14:22:53.130170,3.687096656,1.398486426,3.097858345,-0.00796765,-0.011779256,-0.010744704,3.65,1.3796875,3.141592654,0,0,0
$$$2019-01-30 14:22:53.330080,3.687125503,1.399116598,3.095455746,-0.004568795,-0.008117927,-0.008260877,3.65,1.3796875,3.141592654,0,0,0
$$$2019-01-30 14:22:53.530154,3.685061176,1.39968363,3.091569437,0.001827078,-0.00567251,-0.01306357,3.65,1.3796875,3.141592654,0,0,0
$$$2019-01-30 14:22:53.730186,3.682512762,1.400038081,3.090050193,0.006508613,-0.003741134,-0.001573536,3.65,1.3796875,3.141592654,0,0,0
$$$2019-01-30 14:22:53.930172,3.67871348,1.401239083,3.093380373,0.011945639,-0.004275569,0.022378932,3.65,1.3796875,3.141592654,0,0,0
$$$2019-01-30 14:22:54.130181,3.675551461,1.402382767,3.099747553,0.013706859,-0.00453482,0.041381934,3.65,1.3796875,3.141592654,0,0,0
$$$2019-01-30 14:22:54.330209,3.672939627,1.402864686,3.107780731,0.013470382,-0.0033718,0.050483642,3.65,1.3796875,3.141592654,0,0,0
$$$2019-01-30 14:22:54.530206,3.669810163,1.402955978,3.115156361,0.014393952,-0.001866811,0.04939873,3.65,1.3796875,3.141592654,0,0,0
$$$2019-01-30 14:22:54.730146,3.665483995,1.401969854,3.120400817,0.017390128,0.001315234,0.034988243,3.65,1.3796875,3.141592654,0,0,0
$$$2019-01-30 14:22:54.930115,3.662596976,1.401911568,3.124754502,0.016127921,0.001009084,0.023704071,3.65,1.3796875,3.141592654,0,0,0
$$$2019-01-30 14:22:55.130197,3.662132968,1.401606378,3.126223493,0.010240112,0.001222135,0.007624805,3.65,1.3796875,3.141592654,0,0,0
$$$2019-01-30 14:22:55.330217,3.661524999,1.399964496,3.12386546,0.007115727,0.004205925,-0.012248212,3.65,1.3796875,3.141592654,0,0,0
$$$2019-01-30 14:22:55.530085,3.660631929,1.398164257,3.122540737,0.005921087,0.006276442,-0.008117295,3.65,1.3796875,3.141592654,0,0,0
$$$2019-01-30 14:22:55.730157,3.660066251,1.397569212,3.12295779,0.004582943,0.004891486,-0.001717575,3.65,1.3796875,3.141592654,0,0,0
$$$2019-01-30 14:22:55.930187,3.659948448,1.397438862,3.122646838,0.002879743,0.003090448,-0.005431652,3.65,1.3796875,3.141592654,0,0,0
$$$2019-01-30 14:22:56.130175,3.660040907,1.397529055,3.121353023,0.001461769,0.001579546,-0.010554393,3.65,1.3796875,3.141592654,0,0,0
$$$2019-01-30 14:22:56.330120,3.660194614,1.397685211,3.119005105,0.000519134,0.000569243,-0.016508036,3.65,1.3796875,3.141592654,0,0,0
$$$2019-01-30 14:22:56.530270,3.661826585,1.397529651,3.119174715,-0.003177726,0.000592831,-0.010853866,3.65,1.3796875,3.141592654,0,0,0
$$$2019-01-30 14:22:56.730174,3.665170143,1.397458428,3.118635378,-0.008938456,0.00034565,-0.005165488,3.65,1.3796875,3.141592654,0,0,0
$$$2019-01-30 14:22:56.930314,3.669071887,1.398334367,3.117748734,-0.013391292,-0.001844784,-0.006437748,3.65,1.3796875,3.141592654,0,0,0
$$$2019-01-30 14:22:57.130177,3.673693864,1.399750397,3.119464123,-0.017455527,-0.004282492,0.002881652,3.65,1.3796875,3.141592654,0,0,0
$$$2019-01-30 14:22:57.330226,3.675589807,1.400213769,3.121047873,-0.014041122,-0.00352097,0.002510624,3.65,1.3796875,3.141592654,0,0,0
$$$2019-01-30 14:22:57.530108,3.674584429,1.398854477,3.121938677,-0.005988294,0.000916807,0.00087705,3.65,1.3796875,3.141592654,0,0,0
$$$2019-01-30 14:22:57.730215,3.672925856,1.397664054,3.122318104,3.71E-05,0.003128248,0.000707455,3.65,1.3796875,3.141592654,0,0,0
$$$2019-01-30 14:22:57.930170,3.67206679,1.398806488,3.125043135,0.001895209,-0.000596875,0.012833885,3.65,1.3796875,3.141592654,0,0,0
$$$2019-01-30 14:22:58.130153,3.671576414,1.394495206,3.125643163,0.001951344,0.008846007,0.01373145,3.65,1.3796875,3.141592654,0,0,0
$$$2019-01-30 14:22:58.330160,3.670167981,1.391399503,3.12488603,0.003983098,0.011723809,0.006830343,3.65,1.3796875,3.141592654,0,0,0
$$$2019-01-30 14:22:58.530020,3.666447158,1.389922801,3.125465381,0.010135448,0.010029606,0.010650264,3.65,1.3796875,3.141592654,0,0,0
$$$2019-01-30 14:22:58.730001,3.663558904,1.389173621,3.12663996,0.011934408,0.007469312,0.011542993,3.65,1.3796875,3.141592654,0,0,0
$$$2019-01-30 14:22:58.930118,3.660761271,1.387288578,3.125459068,0.012727063,0.008415969,0.004914787,3.65,1.3796875,3.141592654,0,0,0
$$$2019-01-30 14:22:59.130159,3.658075538,1.387051758,3.122324747,0.01300754,0.005455176,-0.005879719,3.65,1.3796875,3.141592654,0,0,0
$$$2019-01-30 14:22:59.330099,3.65607777,1.386303029,3.120801511,0.011685398,0.004819586,-0.002474485,3.65,1.3796875,3.141592654,0,0,0
$$$2019-01-30 14:22:59.530047,3.65478267,1.386350434,3.118309995,0.009465365,0.002737203,-0.006227604,3.65,1.3796875,3.141592654,0,0,0
$$$2019-01-30 14:22:59.730206,3.654741222,1.386833988,3.115835755,0.00554807,0.000553421,-0.008121312,3.65,1.3796875,3.141592654,0,0,0
$$$2019-01-30 14:22:59.930239,3.656238272,1.387198673,3.113106041,2.4E-05,-0.000534232,-0.007570557,3.65,1.3796875,3.141592654,0,0,0
$$$2019-01-30 14:23:00.130267,3.657886258,1.387123256,3.110489378,-0.003493904,-0.000246234,-0.007888955,3.65,1.3796875,3.141592654,0,0,0
$$$2019-01-30 14:23:00.330203,3.659430319,1.388254723,3.107194559,-0.005215358,-0.002650786,-0.012561742,3.65,1.3796875,3.141592654,0,0,0
$$$2019-01-30 14:23:00.530171,3.661093496,1.388301799,3.105429898,-0.006526603,-0.001742863,-0.008678845,3.65,1.3796875,3.141592654,0,0,0
$$$2019-01-30 14:23:00.730175,3.662762589,1.389437086,3.103526516,-0.00721488,-0.003536162,-0.013639745,3.65,1.3796875,3.141592654,0,0,0
$$$2019-01-30 14:23:00.930219,3.663794927,1.390632989,3.103194029,-0.006247807,-0.004653544,-0.00579934,3.65,1.3796875,3.141592654,0,0,0
$$$2019-01-30 14:23:01.130201,3.66533055,1.391207772,3.103434888,-0.006807948,-0.004015883,-0.001955283,3.65,1.3796875,3.141592654,0,0,0
$$$2019-01-30 14:23:01.331540,3.666887986,1.390789455,3.103366835,-0.007254298,-0.001542039,-0.001974763,3.65,1.3796875,3.141592654,0,0,0
$$$2019-01-30 14:23:01.530224,3.668141007,1.390121666,3.104071032,-0.006884015,0.000436314,-0.000239932,3.65,1.3796875,3.141592654,0,0,0
$$$2019-01-30 14:23:01.730168,3.66890863,1.389396153,3.105794345,-0.005643304,0.001734053,0.006001728,3.65,1.3796875,3.141592654,0,0,0
$$$2019-01-30 14:23:01.930189,3.668815913,1.3890037,3.107517295,-0.003074339,0.001839731,0.006636088,3.65,1.3796875,3.141592654,0,0,0
$$$2019-01-30 14:23:02.130126,3.66767607,1.389143307,3.110315926,0.000667543,0.00084542,0.013522293,3.65,1.3796875,3.141592654,0,0,0
$$$2019-01-30 14:23:02.330132,3.666022611,1.39018524,3.111818298,0.003971594,-0.001613953,0.008605759,3.65,1.3796875,3.141592654,0,0,0
$$$2019-01-30 14:23:02.530192,3.663603526,1.391706688,3.113657471,0.007525813,-0.004000725,0.011622492,3.65,1.3796875,3.141592654,0,0,0
$$$2019-01-30 14:23:02.730110,3.663242698,1.395803026,3.115739172,0.005350858,-0.01098615,0.013564967,3.65,1.3796875,3.141592654,0,0,0
$$$2019-01-30 14:23:02.930164,3.664181937,1.398011245,3.117964079,0.001206615,-0.011064554,0.014910639,3.65,1.3796875,3.141592654,0,0,0
$$$2019-01-30 14:23:03.130304,3.663997371,1.40009271,3.118696243,0.00120418,-0.010771691,0.010777179,3.65,1.3796875,3.141592654,0,0,0
$$$2019-01-30 14:23:03.330222,3.66213114,1.399117004,3.119269197,0.004607526,-0.004010586,0.010606818,3.65,1.3796875,3.141592654,0,0,0
$$$2019-01-30 14:23:03.530168,3.659002474,1.397587881,3.119206785,0.009218548,0.001112062,0.00499711,3.65,1.3796875,3.141592654,0,0,0
$$$2019-01-30 14:23:03.730174,3.655868128,1.39507467,3.118473887,0.011830662,0.006146146,0.001418556,3.65,1.3796875,3.141592654,0,0,0
$$$2019-01-30 14:23:03.930183,3.653787877,1.39395989,3.117260565,0.011163664,0.006007909,-0.004030102,3.65,1.3796875,3.141592654,0,0,0
$$$2019-01-30 14:23:04.130186,3.655390729,1.397103219,3.116158834,0.003166862,-0.003314338,-0.006357611,3.65,1.3796875,3.141592654,0,0,0
$$$2019-01-30 14:23:04.330108,3.656998274,1.399404554,3.113370862,-0.001473677,-0.006882565,-0.012065913,3.65,1.3796875,3.141592654,0,0,0
$$$2019-01-30 14:23:04.530120,3.657730627,1.398221999,3.111303398,-0.002468684,-0.001482142,-0.011580328,3.65,1.3796875,3.141592654,0,0,0
$$$2019-01-30 14:23:04.730218,3.658093964,1.394919746,3.110699236,-0.00239139,0.006146508,-0.004172483,3.65,1.3796875,3.141592654,0,0,0
$$$2019-01-30 14:23:04.930161,3.654932131,1.384020062,3.110289896,0.004662868,0.026904539,-0.004323075,3.65,1.3796875,3.141592654,0,0,0
$$$2019-01-30 14:23:05.130155,3.653036801,1.377971837,3.109744326,0.006319731,0.028439175,-0.005077696,3.65,1.3796875,3.141592654,0,0,0
$$$2019-01-30 14:23:05.330183,3.653029747,1.373922477,3.108148896,0.003382327,0.024949605,-0.010753397,3.65,1.3796875,3.141592654,0,0,0
$$$2019-01-30 14:23:05.530162,3.653269424,1.372564483,3.106939796,0.001338407,0.017206298,-0.009148324,3.65,1.3796875,3.141592654,0,0,0
$$$2019-01-30 14:23:05.730213,3.704588103,1.454117242,3.107351196,-0.102744035,-0.167012688,-0.004473664,3.65,1.3796875,3.141592654,0,0,0
$$$2019-01-30 14:23:05.930114,3.73416598,1.501544793,3.108944042,-0.118707083,-0.198789335,0.001974851,3.65,1.3796875,3.141592654,0,0,0
$$$2019-01-30 14:23:06.130163,3.708641015,1.456631873,3.107961511,-0.017008489,-0.016997286,0.00338118,3.65,1.3796875,3.141592654,0,0,0
$$$2019-01-30 14:23:06.330192,3.693848258,1.429527755,3.114945605,0.019940107,0.048832646,0.012210124,3.65,1.3796875,3.141592654,0,0,0
$$$2019-01-30 14:23:06.530182,3.686255162,1.414577485,3.120662132,0.026966541,0.060185752,0.008357544,3.65,1.3796875,3.141592654,0,0,0
$$$2019-01-30 14:23:06.730206,3.679351076,1.4025625,3.124895666,0.029686098,0.060420231,0.017055933,3.65,1.3796875,3.141592654,0,0,0
$$$2019-01-30 14:23:06.930200,3.673085642,1.391128587,3.126528593,0.029969408,0.059259536,0.008870239,3.65,1.3796875,3.141592654,0,0,0
$$$2019-01-30 14:23:07.130163,3.668755367,1.38541625,3.13161928,0.026231616,0.046348951,0.029219645,3.65,1.3796875,3.141592654,0,0,0
$$$2019-01-30 14:23:07.330109,3.663166885,1.382348357,3.132677792,0.026894736,0.033304978,0.011046644,3.65,1.3796875,3.141592654,0,0,0
$$$2019-01-30 14:23:07.530320,3.658486743,1.382161488,3.130693936,0.025412381,0.019643021,-0.004863157,3.65,1.3796875,3.141592654,0,0,0
$$$2019-01-30 14:23:07.730167,3.654339353,1.382593314,3.130600421,0.023431336,0.010472673,0.00173077,3.65,1.3796875,3.141592654,0,0,0
$$$2019-01-30 14:23:07.930141,3.652536974,1.383505047,3.130516004,0.017317445,0.004125502,0.001776181,3.65,1.3796875,3.141592654,0,0,0
$$$2019-01-30 14:23:08.130156,3.652309031,1.38437886,3.128341767,0.010455912,0.000516194,-0.010421914,3.65,1.3796875,3.141592654,0,0,0
$$$2019-01-30 14:23:08.330126,3.652773461,1.385017722,3.128997268,0.005036462,-0.001070724,0.003866038,3.65,1.3796875,3.141592654,0,0,0
$$$2019-01-30 14:23:08.530187,3.65339918,1.385397093,3.130945806,0.001573256,-0.001438398,0.011093152,3.65,1.3796875,3.141592654,0,0,0
$$$2019-01-30 14:23:08.730257,3.653930725,1.385575865,3.132877734,-0.000222429,-0.001220287,0.011723446,3.65,1.3796875,3.141592654,0,0,0
$$$2019-01-30 14:23:08.929989,3.654289366,1.38562881,3.135357524,-0.000889874,-0.000821484,0.014689712,3.65,1.3796875,3.141592654,0,0,0
$$$2019-01-30 14:23:09.130200,3.65448728,1.385617689,3.135344462,-0.000932841,-0.000451324,0.002212076,3.65,1.3796875,3.141592654,0,0,0
$$$2019-01-30 14:23:09.330105,3.654570315,1.38558334,3.132530132,-0.000713193,-0.000187363,-0.012288438,3.65,1.3796875,3.141592654,0,0,0
$$$2019-01-30 14:23:09.530137,3.655481345,1.388532933,3.131653603,-0.002310924,-0.006392273,-0.017498479,3.65,1.3796875,3.141592654,0,0,0
$$$2019-01-30 14:23:09.730192,3.6598622,1.392608554,3.131052482,-0.010628526,-0.012369834,-0.027987685,3.65,1.3796875,3.141592654,0,0,0
$$$2019-01-30 14:23:09.930163,3.662303474,1.394726358,3.128423582,-0.011306696,-0.011608787,-0.039178783,3.65,1.3796875,3.141592654,0,0,0
$$$2019-01-30 14:23:10.130161,3.663343654,1.395515935,3.124357085,-0.008715508,-0.008344547,-0.047624121,3.65,1.3796875,3.141592654,0,0,0
$$$2019-01-30 14:23:10.330207,3.670417709,1.397362282,3.123876883,-0.020056803,-0.008760572,-0.043707634,3.65,1.3796875,3.141592654,0,0,0
$$$2019-01-30 14:23:10.530131,3.67597574,1.396929173,3.119833038,-0.023350465,-0.004215157,-0.040021341,3.65,1.3796875,3.141592654,0,0,0
