2.656877981,0.417938245,3.088803286,0.023009891,-0.003615593,-0.00600633,2.656877981,0.417938245,3.088803286,0,0,0
2.656877981,0.417938245,3.088803286,0.023009891,-0.003615593,-0.00600633,2.656877981,0.417938245,3.088803286,0,0,0
2.652726069,0.420154658,3.087209652,0.022283439,-0.00632897,-0.010345991,2.656877981,0.417938245,3.088803286,0,0,0
2.646348098,0.423056944,3.085878874,0.026677974,-0.009081713,-0.009207425,2.656877981,0.417938245,3.088803286,0,0,0
2.64104903,0.425365834,3.08533352,0.026851689,-0.0095052,-0.004864726,2.656877981,0.417938245,3.088803286,0,0,0
2.637110844,0.426034338,3.084140886,0.023876027,-0.006401376,-0.004649311,2.656877981,0.417938245,3.088803286,0,0,0
2.63455577,0.42634114,3.08190924,0.019183936,-0.004011691,-0.010540349,2.656877981,0.417938245,3.088803286,0,0,0
2.632997933,0.425955523,3.081835762,0.014283877,-0.001287804,-0.002167334,2.656877981,0.417938245,3.088803286,0,0,0
2.631258971,0.425557524,3.079167403,0.011849845,0.000326297,-0.013917449,2.656877981,0.417938245,3.088803286,0,0,0
2.630447748,0.425854852,3.075205548,0.008568949,-0.000336378,-0.022665453,2.656877981,0.417938245,3.088803286,0,0,0
2.628597565,0.426312568,3.073507935,0.008912163,-0.000916966,-0.015644507,2.656877981,0.417938245,3.088803286,0,0,0
2.626932124,0.42654684,3.072192236,0.008687919,-0.00079566,-0.014349748,2.656877981,0.417938245,3.088803286,0,0,0
2.625979885,0.426332744,3.071154333,0.006982854,0.000129897,-0.01344727,2.656877981,0.417938245,3.088803286,0,0,0
2.625131134,0.426163168,3.070235027,0.005788927,0.000557898,-0.009816116,2.656877981,0.417938245,3.088803286,0,0,0
2.624882611,0.426352574,3.070368707,0.003881111,-4.3E-05,-0.002429037,2.656877981,0.417938245,3.088803286,0,0,0
2.624939302,0.429152436,3.069785377,0.002524929,-0.005974448,-0.006190322,2.656877981,0.417938245,3.088803286,0,0,0
2.625403959,0.431347201,3.06955762,0.000793064,-0.008159224,-0.00436343,2.970214012,0.500018104,3.141592654,0.000181041,0.000984877,0
2.62604174,0.432099067,3.070299411,-0.000784028,-0.006379358,0.001307199,2.969918549,0.500072416,3.141592654,0.000362082,0.001969753,0
2.62611647,0.428966825,3.070516993,-0.0010814,0.002969472,-0.00021669,2.969426111,0.500162937,3.141592654,0.000543122,0.00295463,0
2.626713815,0.425458539,3.073522075,-0.002415102,0.009060579,0.013177247,2.968736697,0.500289665,3.141592654,0.000724163,0.003939507,0
2.627626162,0.423248978,3.075110929,-0.003641823,0.009762563,0.006608529,2.967850308,0.500452602,3.141592654,0.000905204,0.004924384,0
2.629880844,0.423190977,3.07309287,-0.006879203,0.00541404,-0.012805383,2.966766944,0.500651747,3.141592654,0.001086245,0.00590926,0
2.633161738,0.42469293,3.069321088,-0.01070096,-0.000538546,-0.025432356,2.965486604,0.5008871,3.141592654,0.001267286,0.006894137,0
2.641390561,0.428439046,3.060537588,-0.023065894,-0.009457639,-0.051902378,2.964009289,0.501158661,3.141592654,0.001448326,0.007879014,0
2.656503778,0.432666556,3.048281062,-0.044608996,-0.016876609,-0.062856321,2.962334998,0.50146643,3.141592654,0.001629367,0.008863891,0
2.673342008,0.435378271,3.033119496,-0.060784596,-0.018593404,-0.081685078,2.960463733,0.501810408,3.141592654,0.001810408,0.009848767,0
2.699663098,0.437008757,3.016841157,-0.09023554,-0.019808732,-0.087458855,2.958395491,0.502190594,3.141592654,0.001991449,0.010833644,0
2.723401644,0.437086638,3.024480158,-0.101895417,-0.017654526,0.035898496,2.956130275,0.502606988,3.141592654,0.00217249,0.011818521,0
2.746413674,0.438385577,3.033578517,-0.106833044,-0.018506786,0.041074975,2.953668083,0.50305959,3.141592654,0.00235353,0.012803398,0
2.758474131,0.439606436,3.042048472,-0.086601812,-0.01589303,0.040584336,2.951008916,0.5035484,3.141592654,0.002534571,0.013788274,0
2.764968821,0.438035006,3.053479918,-0.063863857,-0.007061238,0.055823019,2.948152773,0.504073418,3.141592654,0.002715612,0.014773151,0
2.7665856,0.436933578,3.068123292,-0.040347734,-0.001888126,0.074519729,2.945099655,0.504634645,3.141592654,0.002896653,0.015758028,0
2.766208644,0.436587474,3.079913804,-0.022444213,-0.000138841,0.058910299,2.941849562,0.505232079,3.141592654,0.003077694,0.016742905,0
2.764906177,0.43583785,3.08708041,-0.010240149,0.001785119,0.034200486,2.938402493,0.505865722,3.141592654,0.003258734,0.017727781,0
2.761300937,0.434551669,3.092289251,0.001609236,0.004245222,0.025941335,2.93475845,0.506535573,3.141592654,0.003439775,0.018712658,0
2.756198132,0.433289685,3.094382916,0.011625515,0.005692254,0.007555458,2.93091743,0.507241632,3.141592654,0.003620816,0.019697535,0
2.752434779,0.433000878,3.09560278,0.014648274,0.004256906,0.002021727,2.926879436,0.507983899,3.141592654,0.003801857,0.020682412,0
2.749486589,0.432711554,3.096598442,0.014651372,0.003335696,0.000551209,2.922644466,0.508762375,3.141592654,0.003982898,0.021667288,0
2.746510822,0.432070957,3.099783922,0.014677436,0.003551479,0.01242341,2.91821252,0.509577058,3.141592654,0.004163938,0.022652165,0
2.744712593,0.432388901,3.104070525,0.012282107,0.001516273,0.01926481,2.9135836,0.51042795,3.141592654,0.004344979,0.023637042,0
2.743591181,0.432668771,3.110270896,0.009462121,0.000360229,0.031164158,2.908757703,0.51131505,3.141592654,0.00452602,0.024621919,0
2.743370121,0.432861556,3.119228469,0.005919502,-0.000196267,0.047952411,2.903734832,0.512238358,3.141592654,0.004707061,0.025606795,0
2.745657606,0.430582409,3.128976175,-0.00159704,0.004583722,0.050284073,2.898514985,0.513197874,3.141592654,0.004888102,0.026591672,0
2.747180356,0.428072102,3.136711488,-0.004248391,0.007909476,0.042623561,2.893194509,0.514214737,3.141592654,0.005280527,0.026613088,0
2.748904889,0.425896632,-3.137985775,-0.006145976,0.009132821,0.047952631,2.88786975,0.515310085,3.141592654,0.005672951,0.026634504,0
2.75005699,0.424327697,-3.130328328,-0.005976862,0.008582223,0.04624795,2.882540708,0.516483918,3.141592654,0.006065376,0.02665592,0
2.751109719,0.423743617,-3.124075346,-0.005651124,0.006189772,0.039152662,2.877207382,0.517736236,3.141592654,0.006457801,0.026677336,0
2.75180707,0.423405299,-3.118103766,-0.004710973,0.004298727,0.037454052,2.871869773,0.519067038,3.141592654,0.006850226,0.026698752,0
2.752310129,0.423123919,-3.114551396,-0.003759678,0.003090912,0.026423833,2.866527882,0.520476326,3.141592654,0.007242651,0.026720168,0
2.752136134,0.421913022,-3.115966305,-0.001732799,0.004344191,0.001837055,2.861181706,0.521964099,3.141592654,0.007635076,0.026741584,0
2.752800637,0.421618196,-3.120287475,-0.002391183,0.003155114,-0.018371679,2.855831248,0.523530356,3.141592654,0.008027501,0.026762999,0
2.752520798,0.420998703,-3.12849544,-0.000750889,0.003114792,-0.040503006,2.850476507,0.525175099,3.141592654,0.008419925,0.026784415,0
2.752572272,0.419853347,3.141327978,-0.000501942,0.004224527,-0.070347817,2.845117482,0.526898326,3.141592654,0.00881235,0.026805831,0
2.751673864,0.41721153,3.126099,0.001656444,0.008025651,-0.082189101,2.839754174,0.528700039,3.141592654,0.009204775,0.026827247,0
2.749933619,0.415842676,3.109825945,0.004612655,0.007540352,-0.089773217,2.834386583,0.530580236,3.141592654,0.0095972,0.026848663,0
2.748089216,0.415937443,3.094131746,0.00654633,0.004217373,-0.089905263,2.829014709,0.532538919,3.141592654,0.009989625,0.026870079,0
2.745402129,0.416256921,3.078294623,0.009475289,0.001954573,-0.09333223,2.823638551,0.534576086,3.141592654,0.01038205,0.026891495,0
2.744389073,0.416889847,3.066779375,0.007649216,-8.72E-05,-0.075093925,2.818258111,0.536691739,3.141592654,0.010774475,0.026912911,0
2.744437621,0.418202878,3.058542802,0.004458691,-0.002820117,-0.058165476,2.812873387,0.538885876,3.141592654,0.0111669,0.026934327,0
2.744732405,0.418636684,3.053745224,0.002007745,-0.002573088,-0.037962457,2.80748438,0.541158499,3.141592654,0.011559324,0.026955743,0
2.746242242,0.419074639,3.052214891,-0.001966133,-0.002656508,-0.01577423,2.80209109,0.543509606,3.141592654,0.011951749,0.026977159,0
2.748663949,0.421320005,3.053170562,-0.00584516,-0.00672061,0.00402387,2.796693517,0.545939198,3.141592654,0.012344174,0.026998575,0
2.751174382,0.422822074,3.057528325,-0.008387643,-0.007506879,0.022465491,2.79129166,0.548447276,3.141592654,0.012736599,0.027019991,0
2.752393018,0.424072412,3.063859101,-0.007167297,-0.007179438,0.036205607,2.78588552,0.551033838,3.141592654,0.013129024,0.027041406,0
2.753974659,0.425756433,3.07304124,-0.007179895,-0.007955235,0.04939709,2.780475098,0.553698885,3.141592654,0.013521449,0.027062822,0
2.754014603,0.430385302,3.084602671,-0.003495758,-0.014366552,0.058972394,2.775060391,0.556442418,3.141592654,0.013913874,0.027084238,0
2.752860481,0.43458193,3.096663639,0.000983041,-0.01697899,0.065207591,2.769641402,0.559264435,3.141592654,0.014306298,0.027105654,0
2.750537085,0.440086947,3.10652212,0.006082198,-0.021162048,0.056097113,2.76421813,0.562164937,3.141592654,0.014698723,0.02712707,0
2.747695142,0.446239511,3.113374549,0.01004023,-0.024960027,0.039847876,2.758790574,0.565143924,3.141592654,0.015091148,0.027148486,0
2.746526843,0.450821428,3.117314712,0.008525226,-0.023995252,0.022261477,2.753358735,0.568201396,3.141592654,0.015483573,0.027169902,0
2.745272473,0.458556092,3.120435882,0.007979008,-0.030141722,0.014779437,2.74801896,0.571358492,3.141592654,0.016087382,0.026227855,0
2.743919796,0.465150201,3.118882447,0.007746342,-0.031251984,-0.008963294,2.742867593,0.574636349,3.141592654,0.016691192,0.025285808,0
2.744594165,0.479543738,3.114745799,0.003683039,-0.048551265,-0.024426956,2.737904636,0.578034968,3.141592654,0.017295001,0.024343761,0
2.744047286,0.48911779,3.107051034,0.003833089,-0.048178377,-0.037388257,2.733130089,0.581554349,3.141592654,0.01789881,0.023401714,0
2.741454317,0.499216389,3.097461616,0.008417663,-0.048940868,-0.050913802,2.728543951,0.585194492,3.141592654,0.018502619,0.022459668,0
2.738586917,0.503063401,3.087644803,0.011315855,-0.0360301,-0.054615753,2.724146222,0.588955397,3.141592654,0.019106429,0.021517621,0
2.735687945,0.509263484,3.077385008,0.013323264,-0.03354399,-0.059382149,2.719936902,0.592837064,3.141592654,0.019710238,0.020575574,0
2.732286556,0.51575935,3.067330894,0.015733271,-0.032598123,-0.053718448,2.715915992,0.596839492,3.141592654,0.020314047,0.019633527,0
2.729550552,0.519218326,3.061584528,0.015412956,-0.025619939,-0.031579052,2.712083491,0.600962683,3.141592654,0.020917856,0.01869148,0
2.724264018,0.525728334,3.058456381,0.021122825,-0.027646364,-0.019126715,2.7084394,0.605206635,3.141592654,0.021521666,0.017749433,0
2.719008611,0.533631354,3.058814864,0.024616848,-0.031712125,-0.001596988,2.704983718,0.609571349,3.141592654,0.022125475,0.016807386,0
2.712755464,0.540448564,3.06176164,0.028565736,-0.031563558,0.013052134,2.701716446,0.614056825,3.141592654,0.022729284,0.015865339,0
2.706924717,0.546188754,3.065515501,0.029737529,-0.029281957,0.020978317,2.698637582,0.618663063,3.141592654,0.023333093,0.014923293,0
2.696693716,0.561157915,3.069964766,0.041246198,-0.046819602,0.027046268,2.695747129,0.623390062,3.141592654,0.023936903,0.013981246,0
2.684569663,0.576717729,3.076614544,0.051811527,-0.057959475,0.036187028,2.693045084,0.628237824,3.141592654,0.024540712,0.013039199,0
2.674985981,0.584812293,3.080616644,0.051193623,-0.049080335,0.024477054,2.690531449,0.633206347,3.141592654,0.025144521,0.012097152,0
2.664542514,0.587935521,3.082574629,0.0519159,-0.033414576,0.013395488,2.688206223,0.638295632,3.141592654,0.02574833,0.011155105,0
2.656910715,0.590017686,3.08530801,0.046249202,-0.02262539,0.017647464,2.686069407,0.643505679,3.141592654,0.02635214,0.010213058,0
2.647069624,0.59711814,3.087351903,0.04832816,-0.026811707,0.016936319,2.684121,0.648836488,3.141592654,0.026955949,0.009271011,0
2.639070732,0.60151127,3.089272729,0.045254376,-0.023739674,0.01682572,2.682361002,0.654288058,3.141592654,0.027559758,0.008328965,0
2.62682157,0.606894756,3.092255845,0.052604386,-0.023619248,0.02074562,2.680789414,0.659860391,3.141592654,0.028163567,0.007386918,0
2.616211658,0.611458881,3.097298314,0.053175722,-0.022195393,0.019428164,2.679406235,0.665553485,3.141592654,0.028767377,0.006444871,0
2.609189822,0.614358489,3.102553133,0.045700035,-0.018271445,0.024940549,2.678211466,0.671367342,3.141592654,0.029371186,0.005502824,0
2.604553886,0.619347052,3.10447348,0.036549432,-0.020657172,0.019896904,2.677205106,0.67730196,3.141592654,0.029974995,0.004560777,0
2.59984517,0.625097266,3.101590695,0.031492076,-0.023661131,-0.005197602,2.676387155,0.68335734,3.141592654,0.030578804,0.00361873,0
2.5929955,0.635111496,3.099739263,0.033485607,-0.034270385,-0.009503651,2.675757614,0.689533481,3.141592654,0.031182613,0.002676683,0
2.588621875,0.642100788,3.09608906,0.029088591,-0.034170784,-0.025663526,2.675316482,0.695830385,3.141592654,0.031786423,0.001734636,0
2.58483612,0.648186114,3.089411562,0.02529772,-0.032195,-0.039176547,2.674945696,0.702269189,3.141592654,0.032601615,0.001973219,0
2.583627424,0.652865489,3.082215581,0.017581303,-0.028280518,-0.04420731,2.674527194,0.708871031,3.141592654,0.033416808,0.002211802,0
2.581971405,0.660384422,3.072035349,0.014499385,-0.031981943,-0.057038338,2.674060975,0.715635912,3.141592654,0.034232001,0.002450385,0
2.580403076,0.667887432,3.062643052,0.012723443,-0.034034976,-0.050206785,2.67354704,0.722563831,3.141592654,0.035047193,0.002688968,0
2.579355215,0.672565524,3.055695117,0.010333956,-0.029266361,-0.036195519,2.672985388,0.729654789,3.141592654,0.035862386,0.00292755,0
2.579709281,0.677638705,3.050689627,0.006119342,-0.027590462,-0.024986789,2.67237602,0.736908786,3.141592654,0.036677579,0.003166133,0
2.579891693,0.683401321,3.047638915,0.004234605,-0.028071526,-0.015909813,2.671718935,0.744325821,3.141592654,0.037492771,0.003404716,0
2.580126982,0.689927723,3.047898273,0.003218822,-0.029980048,-0.000639031,2.671014134,0.751905895,3.141592654,0.038307964,0.003643299,0
2.580317509,0.697777819,3.049309306,0.003011798,-0.03387223,0.008561104,2.670261616,0.759649007,3.141592654,0.039123157,0.003881881,0
2.58043658,0.706625075,3.051542379,0.003234725,-0.038206252,0.014259594,2.669461381,0.767555157,3.141592654,0.03993835,0.004120464,0
2.581388125,0.712927404,3.054752627,0.001094253,-0.035472925,0.023304596,2.66861343,0.775624346,3.141592654,0.040753542,0.004359047,0
2.580720409,0.718515931,3.05967791,0.003120022,-0.032078079,0.03351731,2.667717762,0.783856574,3.141592654,0.041568735,0.00459763,0
2.579057359,0.727375536,3.065622072,0.00691196,-0.036886465,0.03498389,2.666774378,0.79225184,3.141592654,0.042383928,0.004836213,0
2.57809651,0.731354651,3.069237383,0.006651087,-0.02945908,0.024081303,2.665783277,0.800810145,3.141592654,0.04319912,0.005074795,0
2.577676153,0.741314404,3.070324189,0.006311011,-0.037969052,0.010625403,2.66474446,0.809531488,3.141592654,0.044014313,0.005313378,0
2.576983256,0.75048768,3.068196919,0.006525163,-0.041149989,-0.006208691,2.663657926,0.81841587,3.141592654,0.044829506,0.005551961,0
2.575517821,0.760412227,3.063479967,0.008421026,-0.044446702,-0.021542657,2.662523676,0.827463291,3.141592654,0.045644698,0.005790544,0
2.574214484,0.767973012,3.055353624,0.008876887,-0.041337448,-0.038354583,2.661341709,0.83667375,3.141592654,0.046459891,0.006029127,0
2.572168712,0.773761225,3.04632239,0.010566706,-0.035622513,-0.037401313,2.660112025,0.846047247,3.141592654,0.047275084,0.006267709,0
2.567014232,0.781920247,3.041630979,0.018594866,-0.036741111,-0.027723592,2.658834625,0.855583783,3.141592654,0.048090276,0.006506292,0
2.562226114,0.791036729,3.039312549,0.022694949,-0.039415075,-0.016819639,2.657509508,0.865283358,3.141592654,0.048905469,0.006744875,0
2.558802855,0.801230143,3.038488287,0.022427408,-0.043482163,-0.010111183,2.656136675,0.875145971,3.141592654,0.049720662,0.006983458,0
2.555691642,0.808648448,3.037065331,0.021119014,-0.039967946,-0.003642738,2.654716125,0.885171622,3.141592654,0.050535854,0.00722204,0
2.55212998,0.814331827,3.037815028,0.020938055,-0.034180151,0.005058938,2.653247859,0.895360312,3.141592654,0.051351047,0.007460623,0
2.550658637,0.816155028,3.04038817,0.015550199,-0.023158388,0.015017479,2.651731876,0.905712041,3.141592654,0.05216624,0.007699206,0
2.546818922,0.821033259,3.042778569,0.018137679,-0.022766183,0.019965213,2.650168176,0.916226808,3.141592654,0.052981432,0.007937789,0
2.540876464,0.828657396,3.045462963,0.02463095,-0.027925551,0.018626272,2.64855676,0.926904614,3.141592654,0.053796625,0.008176372,0
2.536203938,0.834876855,3.051462588,0.025317207,-0.028243365,0.031477075,2.646939604,0.937684885,3.141592654,0.054006087,0.007995186,0
2.531269663,0.843672539,3.05599737,0.026777195,-0.033840392,0.035007921,2.645358686,0.948507049,3.141592654,0.05421555,0.007814,0
2.527102305,0.851549135,3.062229079,0.025749122,-0.035303908,0.045744651,2.643814004,0.959371105,3.141592654,0.054425012,0.007632815,0
2.521317322,0.86318038,3.067315727,0.029144248,-0.043888065,0.035303766,2.64230556,0.970277054,3.141592654,0.054634474,0.007451629,0
2.517852932,0.869762126,3.07148769,0.025123521,-0.038626123,0.023976529,2.640833353,0.981224895,3.141592654,0.054843937,0.007270443,0
2.51195795,0.873451616,3.072206451,0.027431871,-0.029142381,0.000579727,2.639397383,0.992214628,3.141592654,0.055053399,0.007089258,0
2.506057474,0.881649855,3.070290024,0.029456965,-0.033286885,-0.014747145,2.63799765,1.003246254,3.141592654,0.055262861,0.006908072,0
2.504441007,0.887093275,3.065774639,0.021136845,-0.030444468,-0.029264723,2.636634154,1.014319773,3.141592654,0.055472324,0.006726886,0
2.502365628,0.897973689,3.057771301,0.018283793,-0.04021044,-0.03822598,2.635306895,1.025435184,3.141592654,0.055681786,0.006545701,0
2.501546252,0.906120564,3.048328579,0.013675022,-0.040201659,-0.04911159,2.634015873,1.036592487,3.141592654,0.055891248,0.006364515,0
2.500721271,0.915050926,3.039818328,0.01129194,-0.041842552,-0.051229478,2.632761089,1.047791683,3.141592654,0.056100711,0.00618333,0
2.5006215,0.922947726,3.033004077,0.008325613,-0.04071714,-0.04498663,2.631542542,1.059032771,3.141592654,0.056310173,0.006002144,0
2.497848087,0.938555952,3.024211129,0.014078804,-0.055795887,-0.050542974,2.630360231,1.070315752,3.141592654,0.056519635,0.005820958,0
2.495545613,0.959245475,3.016166608,0.017866553,-0.075216314,-0.047720058,2.629214158,1.081640626,3.141592654,0.056729097,0.005639773,0
2.493950581,0.97455264,3.009387256,0.017604143,-0.075091304,-0.040563364,2.628104322,1.093007391,3.141592654,0.05693856,0.005458587,0
2.494863407,0.992056655,3.001394963,0.013036508,-0.080257272,-0.04169018,2.627030724,1.104416049,3.141592654,0.057148022,0.005277401,0
2.496300288,1.004848926,2.995711069,0.008254152,-0.073434836,-0.031851332,2.625993362,1.1158666,3.141592654,0.057357484,0.005096216,0
2.498113455,1.021643717,2.994437836,0.006046444,-0.078062783,-0.009667857,2.624992237,1.127359043,3.141592654,0.057566947,0.00491503,0
2.498486349,1.032335784,2.995491092,0.006049649,-0.067441762,0.00515857,2.62402735,1.138893379,3.141592654,0.057776409,0.004733844,0
2.501789852,1.049529768,2.999592127,0.001865214,-0.075923167,0.022125894,2.6230987,1.150469607,3.141592654,0.057985871,0.004552659,0
2.505321204,1.063058902,3.005824385,-0.002245863,-0.073153459,0.034670996,2.622206286,1.162087727,3.141592654,0.058195334,0.004371473,0
2.511482709,1.083175541,3.012858594,-0.008356221,-0.086196111,0.04003137,2.62135011,1.17374774,3.141592654,0.058404796,0.004190287,0
2.518130624,1.103612189,3.021106824,-0.0131032,-0.09445163,0.046648285,2.620530171,1.185449646,3.141592654,0.058614258,0.004009102,0
2.523303073,1.117549113,3.027250272,-0.014844089,-0.085016769,0.036320193,2.61974647,1.197193444,3.141592654,0.058823721,0.003827916,0
2.528677502,1.133152013,3.032255402,-0.016036664,-0.083116245,0.02923613,2.618999005,1.208979134,3.141592654,0.059033183,0.003646731,0
2.53088864,1.145853062,3.03591619,-0.010898445,-0.075088539,0.023521919,2.618287777,1.220806717,3.141592654,0.059242645,0.003465545,0
2.533960926,1.163513657,3.038927437,-0.008754904,-0.081155413,0.016201695,2.617612787,1.232676192,3.141592654,0.059452108,0.003284359,0
2.535656529,1.177108969,3.039666706,-0.005633474,-0.075733612,0.006036062,2.617016011,1.244526987,3.141592654,0.05905584,0.002683404,0
2.538726527,1.190239011,3.039152437,-0.006880587,-0.071941326,-0.001542309,2.616539425,1.256298528,3.141592654,0.058659573,0.002082449,0
2.540931107,1.205961674,3.03746134,-0.005170193,-0.075057488,-0.00676085,2.616183031,1.267990816,3.141592654,0.058263305,0.001481494,0
2.542314839,1.21584297,3.035026825,-0.003694218,-0.064315925,-0.011043395,2.615946828,1.27960385,3.141592654,0.057867038,0.000880538,0
2.541183645,1.233004469,3.032466649,0.00415062,-0.07297671,-0.012182696,2.615830816,1.291137631,3.141592654,0.05747077,0.000279583,0
2.538992768,1.247248249,3.03053293,0.010255232,-0.071533186,-0.014050956,2.615834995,1.302592158,3.141592654,0.057074503,-0.000321372,0
2.530454023,1.270240758,3.028893404,0.029228016,-0.087728392,-0.013995928,2.615959365,1.313967432,3.141592654,0.056678235,-0.000922327,0
2.525052659,1.284557364,3.032447623,0.031564935,-0.079382851,0.012865872,2.616203926,1.325263452,3.141592654,0.056281968,-0.001523282,0
2.519606287,1.301613455,3.037226763,0.03362765,-0.080372775,0.026108868,2.616568678,1.336480219,3.141592654,0.0558857,-0.002124238,0
2.510058754,1.321411035,3.044891155,0.043976306,-0.085857939,0.042751548,2.617053621,1.347617732,3.141592654,0.055489433,-0.002725193,0
2.504474115,1.333475128,3.05861408,0.039450066,-0.073748361,0.064894554,2.617658755,1.358675992,3.141592654,0.055093165,-0.003326148,0
2.500317629,1.343860699,3.071754631,0.033171023,-0.063704097,0.061211123,2.61838408,1.369654998,3.141592654,0.054696897,-0.003927103,0
2.497518836,1.350450738,3.085136915,0.025859429,-0.050209362,0.066697794,2.619229596,1.380554751,3.141592654,0.05430063,-0.004528059,0
2.491474506,1.364195555,3.098223771,0.02942793,-0.057241607,0.068679701,2.620195303,1.39137525,3.141592654,0.053904362,-0.005129014,0
2.4866307,1.378945595,3.109784826,0.028565582,-0.063785387,0.054396718,2.621281202,1.402116496,3.141592654,0.053508095,-0.005729969,0
2.475753479,1.400017618,3.117639717,0.040996362,-0.080615422,0.03397443,2.622487291,1.412778488,3.141592654,0.053111827,-0.006330924,0
2.467076303,1.414946909,3.12121381,0.042668474,-0.077608442,0.013795475,2.623813571,1.423361227,3.141592654,0.05271556,-0.006931879,0
2.460729582,1.426681309,3.121852196,0.038396339,-0.069294914,-0.002689009,2.625260043,1.433864712,3.141592654,0.052319292,-0.007532835,0
2.457903147,1.438492147,3.120414696,0.02847406,-0.064827038,-0.013268555,2.626826705,1.444288944,3.141592654,0.051923025,-0.00813379,0
2.455774964,1.448550751,3.112664121,0.021318761,-0.058515429,-0.040027018,2.628513559,1.454633922,3.141592654,0.051526757,-0.008734745,0
2.453131495,1.464036914,3.104483382,0.018730052,-0.066358084,-0.04531432,2.630320603,1.464899647,3.141592654,0.05113049,-0.0093357,0
2.451739989,1.47718291,3.095377469,0.014653315,-0.065928826,-0.053311731,2.632247839,1.475086118,3.141592654,0.050734222,-0.009936655,0
2.451256793,1.489606854,3.089157823,0.010568381,-0.064190335,-0.039567849,2.634295265,1.485193336,3.141592654,0.050337955,-0.010537611,0
2.45082072,1.498640503,3.083639357,0.007989153,-0.055987547,-0.033124448,2.636462883,1.4952213,3.141592654,0.049941687,-0.011138566,0
2.452634573,1.505790237,3.079587046,0.001589353,-0.047522741,-0.028098197,2.638750692,1.505170011,3.141592654,0.04954542,-0.011739521,0
2.453856732,1.507958345,3.077542416,-0.001383688,-0.032039689,-0.019032513,2.641158691,1.515039468,3.141592654,0.049149152,-0.012340476,0
2.458099468,1.512645577,3.075162278,-0.009199525,-0.028880287,-0.021197426,2.643686882,1.524829672,3.141592654,0.048752885,-0.012941432,0
2.467294948,1.528270382,3.072829612,-0.022704803,-0.050959259,-0.017390551,2.646346282,1.534498548,3.141592654,0.047935882,-0.013652568,0
2.475498173,1.545222249,3.070569878,-0.02806112,-0.066374766,-0.016098929,2.649147909,1.544004024,3.141592654,0.047118878,-0.014363705,0
2.483511312,1.564004915,3.067808927,-0.030336304,-0.079137228,-0.016006227,2.652091764,1.5533461,3.141592654,0.046301875,-0.015074841,0
2.490595128,1.575861655,3.064584256,-0.030606941,-0.071679162,-0.01914078,2.655177846,1.562524774,3.141592654,0.045484872,-0.015785978,0
2.50090894,1.586297023,3.060831493,-0.037744982,-0.064939547,-0.021061013,2.658406155,1.571540048,3.141592654,0.044667868,-0.016497114,0
2.50949637,1.592887224,3.058213668,-0.038724713,-0.052724344,-0.014286329,2.661776692,1.580391922,3.141592654,0.043850865,-0.017208251,0
2.515951881,1.597529675,3.05492604,-0.035048661,-0.041287816,-0.013672111,2.665289455,1.589080394,3.141592654,0.043033862,-0.017919387,0
2.526549927,1.603869402,3.052748125,-0.041388257,-0.039098861,-0.008502442,2.668944446,1.597605466,3.141592654,0.042216858,-0.018630524,0
2.536096618,1.609778175,3.050038816,-0.042861841,-0.036779098,-0.012303672,2.672741665,1.605967138,3.141592654,0.041399855,-0.01934166,0
2.560353784,1.617026708,3.048552046,-0.074543199,-0.041187571,-0.003805287,2.67668111,1.614165408,3.141592654,0.040582852,-0.020052797,0
2.575398177,1.623634424,3.041291664,-0.073102337,-0.041069704,-0.003837706,2.680762783,1.622200278,3.141592654,0.039765849,-0.020763933,0
2.588228284,1.628940818,3.035573308,-0.06782385,-0.037857947,-0.004700222,2.684986684,1.630071748,3.141592654,0.038948845,-0.02147507,0
2.589375067,1.636811198,3.039336949,-0.039709971,-0.038562925,0.005399411,2.689352811,1.637779817,3.141592654,0.038131842,-0.022186206,0
2.590264887,1.644172228,3.042472416,-0.023182218,-0.037853167,0.003347253,2.693861166,1.645324485,3.141592654,0.037314839,-0.022897343,0
2.597941593,1.650804306,3.042073222,-0.028187195,-0.037370177,-0.005616348,2.698511748,1.652705752,3.141592654,0.036497835,-0.023608479,0
2.604718337,1.656082576,3.037712794,-0.029392821,-0.034079138,-0.018972375,2.703304558,1.659923619,3.141592654,0.035680832,-0.024319616,0
2.611709396,1.662999415,3.032968935,-0.030136939,-0.035748785,-0.022557306,2.708239595,1.666978085,3.141592654,0.034863829,-0.025030752,0
2.617000306,1.667990993,3.028267629,-0.027337515,-0.032309522,-0.02389359,2.713316859,1.67386915,3.141592654,0.034046825,-0.025741889,0
2.621873984,1.676008493,3.022861141,-0.024083696,-0.036677875,-0.026982519,2.71853635,1.680596815,3.141592654,0.033229822,-0.026453025,0
2.624527063,1.683785837,3.016811788,-0.01747966,-0.038178873,-0.030000714,2.723898069,1.687161079,3.141592654,0.032412819,-0.027164162,0
2.626292863,1.69604847,3.010248115,-0.010574427,-0.048290106,-0.034499681,2.729402015,1.693561943,3.141592654,0.031595816,-0.027875298,0
2.628369098,1.710815239,3.004975658,-0.006407727,-0.05945796,-0.028221478,2.735048188,1.699799405,3.141592654,0.030778812,-0.028586435,0
2.630507593,1.722472691,3.001055677,-0.004840042,-0.059329696,-0.022350589,2.740836589,1.705873467,3.141592654,0.029961809,-0.029297571,0
2.63335042,1.73433762,2.998357052,-0.005282119,-0.059897107,-0.017768632,2.746767217,1.711784129,3.141592654,0.029144806,-0.030008708,0
2.633953375,1.745424848,2.996796907,-0.000966447,-0.057930431,-0.01087055,2.752840072,1.71753139,3.141592654,0.028327802,-0.030719844,0
2.632940746,1.759934036,2.995617846,0.005978923,-0.063507283,-0.008880858,2.759055155,1.72311525,3.141592654,0.027510799,-0.031430981,0
2.633542042,1.770485109,2.994674053,0.005402776,-0.05886116,-0.007963568,2.765412464,1.728535709,3.141592654,0.026693796,-0.032142117,0
2.636467673,1.782717677,2.991636678,0.000743978,-0.060442632,-0.016153741,2.771878899,1.733777059,3.141592654,0.025719703,-0.032522229,0
2.639245514,1.792492193,2.989706325,-0.002311975,-0.056143116,-0.010763443,2.778421356,1.738823591,3.141592654,0.024745611,-0.032902341,0
2.640864818,1.807095093,2.986917771,4.33E-06,-0.063463141,-0.00987449,2.785039835,1.743675303,3.141592654,0.023771518,-0.033282452,0
2.642928858,1.819260754,2.988309625,-0.00029438,-0.062686322,0.011393901,2.791734337,1.748332198,3.141592654,0.022797426,-0.033662564,0
2.645559291,1.829471641,2.993047007,-0.002324744,-0.058321049,0.028936769,2.798504861,1.752794274,3.141592654,0.021823333,-0.034042675,0
2.650288064,1.842770206,3.000241326,-0.007003596,-0.062976799,0.042617707,2.805351407,1.757061531,3.141592654,0.020849241,-0.034422787,0
2.664224707,1.839796846,3.014023059,-0.034468342,-0.03412319,0.055282063,2.812273975,1.76113397,3.141592654,0.019875148,-0.034802898,0
2.680331058,1.848266112,3.026610463,-0.051522979,-0.041819307,0.05165018,2.819272566,1.76501159,3.141592654,0.018901056,-0.03518301,0
2.688229222,1.852176414,3.038452558,-0.045433288,-0.034100513,0.051172754,2.826347179,1.768694392,3.141592654,0.017926963,-0.035563121,0
2.68485449,1.866372022,3.04947681,-0.015855224,-0.048641528,0.044180925,2.833497815,1.772182376,3.141592654,0.016952871,-0.035943233,0
2.696121402,1.883975984,3.06756333,-0.030071733,-0.067209887,0.038560158,2.840724472,1.775475541,3.141592654,0.015978778,-0.036323344,0
2.695584817,1.907127944,3.070846139,-0.01235468,-0.087517506,0.017672805,2.848027152,1.778573887,3.141592654,0.015004686,-0.036703456,0
2.712858018,1.916704541,3.065331932,-0.041833611,-0.073595318,0.009478587,2.855405855,1.781477415,3.141592654,0.014030593,-0.037083567,0
2.723932351,1.920149339,3.055981197,-0.046664446,-0.051692677,-0.012332835,2.862860579,1.784186125,3.141592654,0.013056501,-0.037463679,0
2.736440657,1.92388986,3.050931284,-0.052511966,-0.040039537,-0.010606182,2.870391326,1.786700015,3.141592654,0.012082408,-0.037843791,0
2.748749466,1.93066681,3.044999654,-0.054840746,-0.0398384,-0.018328482,2.877998096,1.789019088,3.141592654,0.011108316,-0.038223902,0
2.767641579,1.945577102,3.040936076,-0.068431703,-0.058338154,-0.01693733,2.885680887,1.791143342,3.141592654,0.010134223,-0.038604014,0
2.786953749,1.959806029,3.035273533,-0.077112984,-0.06777173,-0.025292246,2.893439701,1.793072777,3.141592654,0.009160131,-0.038984125,0
2.801207503,1.967681164,3.02855681,-0.072623757,-0.058830454,-0.032480611,2.901274537,1.794807394,3.141592654,0.008186038,-0.039364237,0
2.816990468,1.972521305,3.023640844,-0.073847237,-0.047833974,-0.022479718,2.909185396,1.796347193,3.141592654,0.007211946,-0.039744348,0
2.82933392,1.975339929,3.018566281,-0.067744591,-0.036542976,-0.025193526,2.917172277,1.797692173,3.141592654,0.006237854,-0.04012446,0
2.846559695,1.977689897,3.015513922,-0.074638201,-0.030423357,-0.015343312,2.92523518,1.798842334,3.141592654,0.005263761,-0.040504571,0
2.858773677,1.97656728,3.01428411,-0.06891456,-0.01838608,-0.006447504,2.933374105,1.799797677,3.141592654,0.004289669,-0.040884683,0
2.874161441,1.975203373,3.013921914,-0.072410641,-0.0118039,-0.004033833,2.941589053,1.800558202,3.141592654,0.003315576,-0.041264794,0
2.891022811,1.970505653,3.013837731,-0.078423524,-0.00148772,0.003270923,2.949880023,1.801123907,3.141592654,0.002341484,-0.041644906,0
2.903864078,1.968023378,3.014217248,-0.072809988,0.000835353,0.00660924,2.958247015,1.801494795,3.141592654,0.001367391,-0.042025017,0
2.918416911,1.962716986,3.011557319,-0.073973709,0.007615343,-0.004430914,2.96669003,1.801670864,3.141592654,0.000393299,-0.042405129,0
2.931166943,1.961800274,3.007430446,-0.069638081,0.002690829,-0.01312832,2.975178157,1.80166739,3.141592654,-0.000428037,-0.04247614,0
2.955408909,1.971697964,3.001512359,-0.088275794,-0.026310753,-0.022336854,2.983680486,1.801499649,3.141592654,-0.001249373,-0.042547151,0
2.976837948,1.982235238,2.993422758,-0.092633325,-0.043897195,-0.026842786,2.992197017,1.801167641,3.141592654,-0.002070709,-0.042618161,0
2.997980102,1.989266333,2.986273486,-0.095401094,-0.046804172,-0.026419255,3.00072775,1.800671365,3.141592654,-0.002892045,-0.042689172,0
3.005878447,1.980299983,2.981725485,-0.07420857,-0.010832719,-0.014713422,3.009272686,1.800010823,3.141592654,-0.003713381,-0.042760183,0
3.015878327,1.966598833,2.984396459,-0.068170618,0.019189828,0.009639378,3.017831823,1.799186013,3.141592654,-0.004534717,-0.042831194,0
3.028600856,1.95011899,2.988683729,-0.071382766,0.041365483,0.024215025,3.026405163,1.798196936,3.141592654,-0.005356053,-0.042902205,0
3.03939289,1.938708553,2.996633941,-0.067411182,0.044218225,0.042720966,3.034992705,1.797043592,3.141592654,-0.006177388,-0.042973215,0
3.047903261,1.928598654,3.008923431,-0.059741084,0.044085716,0.061948208,3.043594449,1.795725981,3.141592654,-0.006998724,-0.043044226,0
3.050474545,1.924079075,3.022650768,-0.040972443,0.034213947,0.07341909,3.052210396,1.794244102,3.141592654,-0.00782006,-0.043115237,0
3.05792177,1.919706009,3.039367711,-0.040291786,0.027023958,0.082024865,3.060840544,1.792597957,3.141592654,-0.008641396,-0.043186248,0
3.066351624,1.917082013,3.054004226,-0.041488139,0.019177284,0.079808025,3.069484895,1.790787544,3.141592654,-0.009462732,-0.043257259,0
3.077698312,1.912809561,3.06710381,-0.048676171,0.017787339,0.075196196,3.078143448,1.788812864,3.141592654,-0.010284068,-0.043328269,0
3.087359569,1.906422614,3.076630063,-0.049513347,0.022180999,0.051795327,3.086816203,1.786673917,3.141592654,-0.011105404,-0.04339928,0
3.092208175,1.901437512,3.080727193,-0.039438858,0.022689155,0.025864983,3.09550316,1.784370702,3.141592654,-0.01192674,-0.043470291,0
3.097536631,1.892587497,3.081747051,-0.035143867,0.031150732,0.004314496,3.104204319,1.781903221,3.141592654,-0.012748075,-0.043541302,0
3.10138902,1.886275324,3.079959037,-0.029132938,0.030839207,-0.013846466,3.112919681,1.779271472,3.141592654,-0.013569411,-0.043612313,0
3.105141656,1.878408976,3.074478908,-0.025650955,0.033968494,-0.038812504,3.121649244,1.776475456,3.141592654,-0.014390747,-0.043683323,0
3.108730893,1.873203502,3.065460513,-0.023019388,0.03009344,-0.05915223,3.13039301,1.773515173,3.141592654,-0.015212083,-0.043754334,0
3.115636057,1.87111857,3.052401036,-0.02819305,0.02069687,-0.080000401,3.139150978,1.770390623,3.141592654,-0.016033419,-0.043825345,0
3.124241814,1.868586094,3.037891776,-0.034893477,0.015770047,-0.086416101,3.147923148,1.767101806,3.141592654,-0.016854755,-0.043896356,0
3.128857013,1.86787456,3.022174653,-0.029996547,0.009553748,-0.089221147,3.15670952,1.763648721,3.141592654,-0.017676091,-0.043967367,0
3.133941465,1.866597417,3.007282748,-0.0283038,0.006889014,-0.077252028,3.165510095,1.760031369,3.141592654,-0.018497427,-0.044038377,0
3.139450532,1.865981761,2.996764851,-0.028059658,0.003714808,-0.05880075,3.174324871,1.756249751,3.141592654,-0.019318763,-0.044109388,0
3.147052927,1.865071051,2.9856338,-0.032394358,0.001781468,-0.059845699,3.18315385,1.752303864,3.141592654,-0.020140098,-0.044180399,0
3.151671894,1.862091316,2.974245806,-0.029247635,0.00572177,-0.055973805,3.191997031,1.748193711,3.141592654,-0.020961434,-0.04425141,0
3.164869063,1.865965126,2.962129905,-0.043169571,-0.009507351,-0.046762901,3.200854414,1.743919291,3.141592654,-0.02178277,-0.044322421,0
3.17538088,1.867909384,2.953673464,-0.046028103,-0.013587982,-0.03124179,3.209695089,1.739495879,3.141592654,-0.022451349,-0.044084332,0
3.181097942,1.859684999,2.949270126,-0.041528001,0.007019942,-0.015233134,3.218488147,1.734938751,3.141592654,-0.023119929,-0.043846243,0
3.189297675,1.850613888,2.949794176,-0.044582415,0.019650977,0.000272359,3.227233586,1.730247907,3.141592654,-0.023788508,-0.043608153,0
3.195932926,1.844122397,2.952150637,-0.04207999,0.022113077,0.014405934,3.235931408,1.725423348,3.141592654,-0.024457087,-0.043370064,0
3.204645917,1.837177875,2.958192455,-0.045135795,0.023688956,0.031802079,3.244581612,1.720465073,3.141592654,-0.025125666,-0.043131975,0
3.212569195,1.834228961,2.964250516,-0.043609041,0.016665545,0.034121176,3.253184198,1.715373081,3.141592654,-0.025794246,-0.042893886,0
3.223518475,1.831848439,2.971644309,-0.04883471,0.010319896,0.047864644,3.261739166,1.710147374,3.141592654,-0.026462825,-0.042655797,0
3.233222929,1.829256489,2.979588383,-0.04929313,0.007810797,0.045311386,3.270246517,1.704787951,3.141592654,-0.027131404,-0.042417708,0
3.246469945,1.825449754,2.990061266,-0.057393419,0.007858725,0.054478862,3.27870625,1.699294813,3.141592654,-0.027799983,-0.042179619,0
3.252463503,1.823853581,3.000643375,-0.046048961,0.005973482,0.058196983,3.287118364,1.693667958,3.141592654,-0.028468563,-0.04194153,0
3.254005995,1.823537098,3.00979206,-0.0297691,0.003700064,0.055444713,3.295482861,1.687907388,3.141592654,-0.029137142,-0.041703441,0
3.25335785,1.823797192,3.019349172,-0.015644599,0.001823131,0.060585539,3.303799741,1.682013101,3.141592654,-0.029805721,-0.041465351,0
3.25198979,1.824214012,3.02853812,-0.005981294,0.000577419,0.062284496,3.312069002,1.675985099,3.141592654,-0.0304743,-0.041227262,0
3.265013939,1.820997531,3.036573646,-0.031744848,0.003654327,0.062268925,3.320290646,1.669823381,3.141592654,-0.031142879,-0.040989173,0
3.284247861,1.814462048,3.042084316,-0.060438388,0.01111005,0.051546687,3.328464671,1.663527948,3.141592654,-0.031811459,-0.040751084,0
3.321122261,1.801163121,3.055383853,-0.115488829,0.026681932,0.049359419,3.336591079,1.657098798,3.141592654,-0.032480038,-0.040512995,0
3.352252688,1.788856526,3.061469098,-0.134559375,0.035347102,0.037945507,3.344669869,1.650535932,3.141592654,-0.033148617,-0.040274906,0
3.373751902,1.780452314,3.067659135,-0.124165801,0.034624338,0.025389403,3.352701042,1.643839351,3.141592654,-0.033817196,-0.040036817,0
3.39623448,1.771878503,3.067764554,-0.120221292,0.034667402,-0.005469447,3.360684596,1.637009054,3.141592654,-0.034485776,-0.039798728,0
3.413034007,1.765760046,3.063243769,-0.105522148,0.030395767,-0.029783816,3.368620533,1.630045041,3.141592654,-0.035154355,-0.039560639,0
3.435651892,1.756224095,3.052245698,-0.109991705,0.034115061,-0.065541761,3.376508852,1.622947312,3.141592654,-0.035822934,-0.03932255,0
3.452524282,1.748676803,3.036393395,-0.100209902,0.032523244,-0.091066393,3.384349553,1.615715867,3.141592654,-0.036491513,-0.03908446,0
3.472527113,1.739137722,3.017807377,-0.101861789,0.034452424,-0.096904924,3.392142636,1.608350707,3.141592654,-0.037160093,-0.038846371,0
3.488097325,1.734087871,2.999536071,-0.092657136,0.026397512,-0.100914245,3.399888101,1.60085183,3.141592654,-0.037828672,-0.038608282,0
3.50201583,1.730269741,2.979635982,-0.083670141,0.018948234,-0.103939074,3.407585949,1.593219238,3.141592654,-0.038497251,-0.038370193,0
3.520678459,1.722731248,2.959957682,-0.089658355,0.020530858,-0.108000098,3.415236178,1.58545293,3.141592654,-0.03916583,-0.038132104,0
3.535462992,1.715175349,2.942945499,-0.085161605,0.022005462,-0.095862949,3.42283879,1.577552906,3.141592654,-0.03983441,-0.037894015,0
3.549348891,1.705996962,2.93040031,-0.081520751,0.026002531,-0.071437949,3.430362874,1.569534442,3.141592654,-0.04035023,-0.037346825,0
3.554542754,1.701969921,2.922355669,-0.059368679,0.020838268,-0.050366644,3.43777752,1.561412814,3.141592654,-0.040866051,-0.036799635,0
3.554949182,1.701097389,2.919213789,-0.035345409,0.013456376,-0.027684535,3.445082728,1.553188021,3.141592654,-0.041381872,-0.036252445,0
3.55662774,1.696060941,2.918518384,-0.026120443,0.01727721,0.003674227,3.452278498,1.544860065,3.141592654,-0.041897693,-0.035705255,0
3.567863019,1.680751949,2.927888396,-0.045341209,0.036457184,0.037500779,3.45936483,1.536428944,3.141592654,-0.042413514,-0.035158065,0
3.581056313,1.659018351,2.93617234,-0.063407329,0.059858091,0.056257689,3.466341724,1.527894659,3.141592654,-0.042929335,-0.034610875,0
3.587138121,1.643965529,2.946772625,-0.055793632,0.062856426,0.071617983,3.47320918,1.51925721,3.141592654,-0.043445156,-0.034063685,0
3.587204961,1.623192851,2.963575236,-0.040981806,0.079363256,0.094079749,3.479967198,1.510516597,3.141592654,-0.043960977,-0.033516494,0
3.587410456,1.607516748,2.982281423,-0.029930713,0.078306608,0.1003816,3.486615778,1.501672819,3.141592654,-0.044476798,-0.032969304,0
3.584662557,1.587431176,3.000822167,-0.018398786,0.088085699,0.098712149,3.49315492,1.492725878,3.141592654,-0.044992619,-0.032422114,0
3.579357437,1.573344487,3.01705369,-0.00368775,0.081910943,0.091980324,3.499584623,1.483675772,3.141592654,-0.04550844,-0.031874924,0
3.575627644,1.558167465,3.033988532,0.001699218,0.080013839,0.088863565,3.505904889,1.474522502,3.141592654,-0.04602426,-0.031327734,0
3.572927153,1.541493419,3.045831407,0.002832648,0.0817231,0.060462225,3.512115717,1.465266068,3.141592654,-0.046540081,-0.030780544,0
3.570616102,1.529566753,3.061169973,0.004106924,0.072573767,0.081741945,3.518217107,1.455906469,3.141592654,-0.047055902,-0.030233354,0
3.567649878,1.517432314,3.080206804,0.006451599,0.067862877,0.107586064,3.524209059,1.446443707,3.141592654,-0.047571723,-0.029686164,0
3.566101651,1.509939193,3.096934745,0.005983232,0.055031096,0.10144034,3.530091572,1.43687778,3.141592654,-0.048087544,-0.029138974,0
3.56894238,1.501370323,3.109010401,-0.003472349,0.049342712,0.075535633,3.535864648,1.427208689,3.141592654,-0.048603365,-0.028591784,0
3.576298686,1.49057969,3.113522969,-0.018419309,0.050502983,0.028752567,3.541528286,1.417436434,3.141592654,-0.049119186,-0.028044594,0
3.589747107,1.478641114,3.111207736,-0.039788648,0.053390116,-0.015860499,3.547082486,1.407561015,3.141592654,-0.049635007,-0.027497404,0
3.600154125,1.469665265,3.102222138,-0.045418684,0.049053847,-0.051595551,3.552527247,1.397582431,3.141592654,-0.050150828,-0.026950214,0
3.614334008,1.45888894,3.087693977,-0.056897924,0.050006141,-0.086565859,3.557862571,1.387500684,3.141592654,-0.050666649,-0.026403024,0
3.631959263,1.444813738,3.068358146,-0.07136033,0.056865371,-0.114352076,3.563088457,1.377315772,3.141592654,-0.05118247,-0.025855834,0
3.645172934,1.43484269,3.046682863,-0.070337261,0.051903419,-0.126465709,3.568204905,1.367027696,3.141592654,-0.05169829,-0.025308643,0
3.6503368,1.431123808,3.023167082,-0.052056303,0.036559325,-0.142806175,3.573211914,1.356636456,3.141592654,-0.052214111,-0.024761453,0
3.650981867,1.430912173,3.002217457,-0.031406793,0.021075213,-0.136138139,3.578109486,1.346142051,3.141592654,-0.052729932,-0.024214263,0
3.675098287,1.421154989,2.97407385,-0.071346865,0.026498781,-0.163152773,3.58289762,1.335544483,3.141592654,-0.053245753,-0.023667073,0
3.687851482,1.416198288,2.949660401,-0.06930763,0.021408545,-0.152457885,3.587576315,1.32484375,3.141592654,-0.053761574,-0.023119883,0
3.692819497,1.414512846,2.939536734,-0.05081802,0.013717715,-0.084012756,3.592114663,1.314290552,3.141592654,-0.051770405,-0.022263591,0
3.69344634,1.414692923,2.936338988,-0.030406509,0.007121822,-0.050545432,3.596481752,1.304135588,3.141592654,-0.049779235,-0.021407299,0
3.713716238,1.405740978,2.94356067,-0.063206948,0.014628506,0.003446081,3.600677582,1.294378858,3.141592654,-0.047788066,-0.020551007,0
3.742890737,1.390270385,2.950014112,-0.103307802,0.028398847,0.038244074,3.604702155,1.285020362,3.141592654,-0.045796896,-0.019694715,0
3.762383572,1.378779998,2.959426818,-0.104575461,0.031880392,0.069399651,3.608555469,1.276060099,3.141592654,-0.043805727,-0.018838423,0
3.771798418,1.372743802,2.974460192,-0.081963327,0.027115018,0.092671682,3.612237524,1.267498071,3.141592654,-0.041814558,-0.017982131,0
3.772407342,1.370521409,2.986001246,-0.049056461,0.020108587,0.078430885,3.615748321,1.259334276,3.141592654,-0.039823388,-0.017125839,0
3.765960859,1.370374749,2.9967679,-0.014662903,0.014250164,0.072647959,3.61908786,1.251568716,3.141592654,-0.037832219,-0.016269547,0
3.755027537,1.371527585,3.00868237,0.014901358,0.009426067,0.074099271,3.62225614,1.244201389,3.141592654,-0.035841049,-0.015413255,0
3.746237404,1.372708809,3.020248082,0.027369388,0.005561084,0.067624416,3.625253162,1.237232296,3.141592654,-0.03384988,-0.014556964,0
3.732776093,1.373004008,3.031626696,0.044069268,0.006253339,0.066522852,3.628078926,1.230661437,3.141592654,-0.031858711,-0.013700672,0
3.726020208,1.373190721,3.038372464,0.039536934,0.004835401,0.049166288,3.630733431,1.224488812,3.141592654,-0.029867541,-0.01284438,0
3.723683149,1.373318677,3.045751074,0.027622857,0.003001185,0.052369223,3.633216677,1.21871442,3.141592654,-0.027876372,-0.011988088,0
3.718035372,1.371605746,3.052186207,0.027365627,0.006518227,0.040035311,3.635528666,1.213338263,3.141592654,-0.025885202,-0.011131796,0
3.71576163,1.370617708,3.053864553,0.020290887,0.006242048,0.016848987,3.637669396,1.20836034,3.141592654,-0.023894033,-0.010275504,0
3.715420599,1.370188916,3.054630053,0.012272051,0.004538,0.012693099,3.639638867,1.20378065,3.141592654,-0.021902864,-0.009419212,0
3.696202158,1.368300878,3.055467952,0.047253747,0.010211897,0.003949398,3.64143708,1.199599194,3.141592654,-0.019911694,-0.00856292,0
3.671864646,1.368526178,3.049858581,0.07849292,0.010180704,-0.00665291,3.643064035,1.195815972,3.141592654,-0.017920525,-0.007706628,0
3.658969073,1.368568474,3.049992748,0.072264532,0.008066223,-0.01305289,3.644519731,1.192430984,3.141592654,-0.015929355,-0.006850336,0
3.654004528,1.369608197,3.046531216,0.052125251,0.003407845,-0.0180603,3.645804169,1.18944423,3.141592654,-0.013938186,-0.005994044,0
3.654263501,1.369369399,3.040155516,0.029304692,0.002432045,-0.035015315,3.646917349,1.18685571,3.141592654,-0.011947016,-0.005137752,0
3.657707368,1.368593673,3.035482545,0.009379759,0.002352287,-0.029079826,3.64785927,1.184665424,3.141592654,-0.009955847,-0.00428146,0
3.660695344,1.368128958,3.028360248,-0.001025356,0.001697198,-0.043282102,3.648629933,1.182873371,3.141592654,-0.007964678,-0.003425168,0
3.662738143,1.367905662,3.022569376,-0.004947838,0.000981051,-0.038494633,3.649229337,1.181479552,3.141592654,-0.005973508,-0.002568876,0
3.668963378,1.366041816,3.019282878,-0.016394946,0.003030603,-0.034180837,3.649657483,1.180483968,3.141592654,-0.003982339,-0.001712584,0
3.6798391,1.363519631,3.014139417,-0.032923831,0.004428552,-0.044827308,3.649914371,1.179886617,3.141592654,-0.001991169,-0.000856292,0
3.699274174,1.359526782,3.011265376,-0.060811602,0.006052675,-0.031800723,3.65,1.1796875,3.141592654,0,0,0
3.710200396,1.358086094,3.005680234,-0.058266411,0.003355782,-0.016942215,3.65,1.1796875,3.141592654,0,0,0
3.719794029,1.355631683,2.999947062,-0.05428377,0.00428055,-0.025499632,3.65,1.1796875,3.141592654,0,0,0
3.724213502,1.354590006,2.995684241,-0.040737061,0.003263814,-0.019944774,3.65,1.1796875,3.141592654,0,0,0
3.727605491,1.352899312,2.998128123,-0.031008078,0.004352401,0.011127018,3.65,1.1796875,3.141592654,0,0,0
3.729674625,1.351355536,2.998242954,-0.022605718,0.00509827,0.002904267,3.65,1.1796875,3.141592654,0,0,0
3.730124566,1.350174483,3.004201872,-0.014277685,0.005256368,0.034529887,3.65,1.1796875,3.141592654,0,0,0
3.7290431,1.349490932,3.007233007,-0.006118231,0.004786638,0.017555869,3.65,1.1796875,3.141592654,0,0,0
3.726466665,1.350540942,3.013021205,0.002213803,0.001293112,0.033673931,3.65,1.1796875,3.141592654,0,0,0
3.720916152,1.351929965,3.017061101,0.013337704,-0.000613255,0.02696665,3.65,1.1796875,3.141592654,0,0,0
3.716018275,1.352752522,3.02357878,0.018186977,-0.000761694,0.036707238,3.65,1.1796875,3.141592654,0,0,0
3.707981101,1.35462882,3.027601562,0.027854498,-0.002337295,0.020930547,3.65,1.1796875,3.141592654,0,0,0
3.701295775,1.355593382,3.032588633,0.030313913,-0.001744285,0.026597316,3.65,1.1796875,3.141592654,0,0,0
3.694217462,1.356841078,3.034611357,0.032618202,-0.001977634,0.012408089,3.65,1.1796875,3.141592654,0,0,0
3.687898551,1.358871164,3.034737635,0.032518615,-0.003962846,0.004666364,3.65,1.1796875,3.141592654,0,0,0
3.684185931,1.360443708,3.03519343,0.0268552,-0.004742756,0.005663812,3.65,1.1796875,3.141592654,0,0,0
3.68165921,1.361088906,3.03227328,0.020890425,-0.003517814,-0.0140339,3.65,1.1796875,3.141592654,0,0,0
3.680813466,1.361502525,3.030190558,0.013873597,-0.002689546,-0.009790318,3.65,1.1796875,3.141592654,0,0,0
3.681328565,1.36214037,3.024876764,0.007028594,-0.0030045,-0.026637396,3.65,1.1796875,3.141592654,0,0,0
3.682089533,1.362363737,3.021356889,0.002487678,-0.002373069,-0.01762135,3.65,1.1796875,3.141592654,0,0,0
3.685741977,1.363555659,3.015731134,-0.00597636,-0.00478751,-0.027415202,3.65,1.1796875,3.141592654,0,0,0
3.691200579,1.364442628,3.010895018,-0.01470767,-0.006052028,-0.023008217,3.65,1.1796875,3.141592654,0,0,0
3.696202257,1.364209368,3.006557165,-0.019051061,-0.004355732,-0.022309042,3.65,1.1796875,3.141592654,0,0,0
3.702429055,1.362434301,3.001929604,-0.024554485,-0.000531664,-0.022571042,3.65,1.1796875,3.141592654,0,0,0
3.706827671,1.360747505,2.996909399,-0.023853455,0.001932256,-0.02326304,3.65,1.1796875,3.141592654,0,0,0
3.714784206,1.354495481,2.995509219,-0.032310714,0.01187102,-0.010986153,3.65,1.1796875,3.141592654,0,0,0
3.720637388,1.349887569,2.994481187,-0.032273239,0.014719698,-0.00920403,3.65,1.1796875,3.141592654,0,0,0
3.725345934,1.34660761,2.994544602,-0.029445631,0.013911692,-0.005443435,3.65,1.1796875,3.141592654,0,0,0
3.725533659,1.348070965,2.996129786,-0.016861517,0.004851287,0.005352917,3.65,1.1796875,3.141592654,0,0,0
3.725011741,1.349534268,2.999719469,-0.008137589,-0.000123014,0.013515896,3.65,1.1796875,3.141592654,0,0,0
3.723566341,1.350624745,3.002755536,-0.00130286,-0.001923652,0.014951016,3.65,1.1796875,3.141592654,0,0,0
3.722159827,1.351883276,3.008324768,0.002586942,-0.003334641,0.029291425,3.65,1.1796875,3.141592654,0,0,0
3.718609733,1.353142706,3.011070038,0.009326713,-0.003541689,0.01675389,3.65,1.1796875,3.141592654,0,0,0
3.715149145,1.354035653,3.016951016,0.012902147,-0.002942375,0.032884595,3.65,1.1796875,3.141592654,0,0,0
3.709281069,1.353782221,3.020971299,0.019714536,0.000427612,0.022008961,3.65,1.1796875,3.141592654,0,0,0
3.703053322,1.354965087,3.025475065,0.024780117,-0.000628013,0.025480343,3.65,1.1796875,3.141592654,0,0,0
3.696863459,1.357058756,3.028839288,0.027833666,-0.003260456,0.014536834,3.65,1.1796875,3.141592654,0,0,0
3.690266759,1.358731595,3.031479884,0.030330843,-0.003821851,0.013477855,3.65,1.1796875,3.141592654,0,0,0
3.685620863,1.360064197,3.034023718,0.027556738,-0.003925074,0.014165928,3.65,1.1796875,3.141592654,0,0,0
3.681880874,1.361176149,3.031286959,0.023990309,-0.003764403,-0.014824273,3.65,1.1796875,3.141592654,0,0,0
3.679764137,1.361884195,3.032667648,0.018421563,-0.003161037,0.006996324,3.65,1.1796875,3.141592654,0,0,0
3.678455979,1.362368101,3.027702709,0.01345728,-0.00254923,-0.028925239,3.65,1.1796875,3.141592654,0,0,0
3.67772592,1.363072797,3.025446158,0.009442383,-0.002770281,-0.012423819,3.65,1.1796875,3.141592654,0,0,0
3.678950183,1.363638015,3.020015296,0.002977356,-0.003074724,-0.02676482,3.65,1.1796875,3.141592654,0,0,0
3.682652284,1.36353236,3.016272183,-0.006129688,-0.00247212,-0.018223451,3.65,1.1796875,3.141592654,0,0,0
3.686061692,1.36335055,3.011569878,-0.01076231,-0.001929351,-0.024157974,3.65,1.1796875,3.141592654,0,0,0
3.691383065,1.361690569,3.009692425,-0.017852727,0.00095462,-0.011961825,3.65,1.1796875,3.141592654,0,0,0
3.695556322,1.360415766,3.009287801,-0.019407991,0.00207692,-0.00339801,3.65,1.1796875,3.141592654,0,0,0
3.700633845,1.359198051,3.004882746,-0.022197058,0.002325758,-0.018978385,3.65,1.1796875,3.141592654,0,0,0
3.704689464,1.357754556,3.00445258,-0.021715737,0.003187004,0.001133441,3.65,1.1796875,3.141592654,0,0,0
3.707768231,1.356213066,3.001846901,-0.01941207,0.00416848,-0.009552319,3.65,1.1796875,3.141592654,0,0,0
3.710305275,1.354341089,3.005646276,-0.0170467,0.005588231,0.017457317,3.65,1.1796875,3.141592654,0,0,0
3.711722265,1.353803184,3.011725725,-0.012933057,0.003937513,0.031187452,3.65,1.1796875,3.141592654,0,0,0
3.713179415,1.353470626,3.016571906,-0.010592054,0.00256174,0.027695747,3.65,1.1796875,3.141592654,0,0,0
3.713595347,1.353176472,3.0231893,-0.007040884,0.001986164,0.038879314,3.65,1.1796875,3.141592654,0,0,0
3.714978718,1.351352353,3.032384677,-0.00744117,0.004636602,0.051085275,3.65,1.1796875,3.141592654,0,0,0
3.716741017,1.348913743,3.043733287,-0.008592239,0.007391616,0.064027655,3.65,1.1796875,3.141592654,0,0,0
3.717526825,1.346811648,3.053269016,-0.007055136,0.008534731,0.054275423,3.65,1.1796875,3.141592654,0,0,0
3.715927086,1.344397141,3.05311883,-0.001142649,0.010360042,0.005602302,3.65,1.1796875,3.141592654,0,0,0
3.713899025,1.342424212,3.052605484,0.003269388,0.0105266,-0.00303795,3.65,1.1796875,3.141592654,0,0,0
3.712725806,1.340751875,3.05141751,0.004051308,0.009810785,-0.007694817,3.65,1.1796875,3.141592654,0,0,0
3.711298806,1.338350493,3.050122359,0.004886244,0.010996892,-0.004662484,3.65,1.1796875,3.141592654,0,0,0
3.711243984,1.336398703,3.051162193,0.002539815,0.010463318,0.007172245,3.65,1.1796875,3.141592654,0,0,0
3.711415091,1.335338927,3.051226612,0.000891039,0.008222154,0.002225472,3.65,1.1796875,3.141592654,0,0,0
3.711632867,1.334781286,3.046925782,-5.61E-05,0.005862296,-0.021075917,3.65,1.1796875,3.141592654,0,0,0
3.712110413,1.334142312,3.040815715,-0.001171881,0.00462663,-0.032457807,3.65,1.1796875,3.141592654,0,0,0
3.714190653,1.333079622,3.037931046,-0.005297902,0.004479853,-0.01965375,3.65,1.1796875,3.141592654,0,0,0
3.720136085,1.329942,3.032441635,-0.016295774,0.007941569,-0.03002953,3.65,1.1796875,3.141592654,0,0,0
3.72696311,1.327107441,3.027645018,-0.024439261,0.009020158,-0.027949698,3.65,1.1796875,3.141592654,0,0,0
3.735129158,1.326992179,3.023060856,-0.031340022,0.003485743,-0.024543088,3.65,1.1796875,3.141592654,0,0,0
3.740812053,1.327314806,3.019921938,-0.029935437,-8.61E-05,-0.020428257,3.65,1.1796875,3.141592654,0,0,0
3.747500436,1.32594555,3.016057276,-0.031664154,0.001139076,-0.02253412,3.65,1.1796875,3.141592654,0,0,0
3.75151457,1.324075071,3.014773655,-0.027147577,0.00353625,-0.009898569,3.65,1.1796875,3.141592654,0,0,0
3.755432574,1.322874205,3.013087276,-0.024179039,0.003535833,-0.015132353,3.65,1.1796875,3.141592654,0,0,0
3.760056721,1.322118895,3.012218367,-0.02384734,0.002397959,-0.011913775,3.65,1.1796875,3.141592654,0,0,0
3.763098946,1.321906866,3.012855821,-0.02017506,0.000993057,0.000722753,3.65,1.1796875,3.141592654,0,0,0
3.765538594,1.322570025,3.012866525,-0.016556318,-0.001487288,-0.002849618,3.65,1.1796875,3.141592654,0,0,0
3.765959454,1.322475918,3.018270813,-0.010424066,-0.000771092,0.025711437,3.65,1.1796875,3.141592654,0,0,0
3.766228504,1.321851724,3.021073682,-0.00672187,0.000814207,0.011568164,3.65,1.1796875,3.141592654,0,0,0
3.765428247,1.321809818,3.021721404,-0.002183033,0.000767254,0.006065683,3.65,1.1796875,3.141592654,0,0,0
3.763548899,1.322139325,3.023487675,0.002798127,0.000230549,0.012338663,3.65,1.1796875,3.141592654,0,0,0
3.762397923,1.322362768,3.025980762,0.00409448,-4.61E-05,0.016580233,3.65,1.1796875,3.141592654,0,0,0
3.76004179,1.323083536,3.029230273,0.007508854,-0.000957619,0.02121411,3.65,1.1796875,3.141592654,0,0,0
3.756438766,1.324073876,3.033766778,0.012166783,-0.001765264,0.025772275,3.65,1.1796875,3.141592654,0,0,0
3.753127216,1.324874001,3.036121818,0.014175921,-0.00193272,0.01516038,3.65,1.1796875,3.141592654,0,0,0
3.748348862,1.325523179,3.039074671,0.018393621,-0.001394326,0.017292018,3.65,1.1796875,3.141592654,0,0,0
3.743691644,1.3257732,3.043303756,0.02047076,-0.00029476,0.025422949,3.65,1.1796875,3.141592654,0,0,0
3.738951748,1.325198802,3.047930282,0.021663695,0.002044124,0.024371569,3.65,1.1796875,3.141592654,0,0,0
3.732748264,1.325079566,3.051771184,0.025552739,0.002683972,0.021493481,3.65,1.1796875,3.141592654,0,0,0
3.72843885,1.325001454,3.055434938,0.023791341,0.002530827,0.019812957,3.65,1.1796875,3.141592654,0,0,0
3.721770265,1.326455111,3.057224153,0.028070786,-0.000380036,0.011493935,3.65,1.1796875,3.141592654,0,0,0
3.716967923,1.32700195,3.057877457,0.026400615,-0.000504896,0.006235348,3.65,1.1796875,3.141592654,0,0,0
3.711286987,1.328712408,3.064752361,0.027515834,-0.00287331,0.04003784,3.65,1.1796875,3.141592654,0,0,0
3.709219675,1.329584156,3.068068536,0.020334914,-0.003179994,0.018743279,3.65,1.1796875,3.141592654,0,0,0
3.706278002,1.330507333,3.069385512,0.01806692,-0.003323083,0.009162988,3.65,1.1796875,3.141592654,0,0,0
3.703185787,1.33147258,3.071676587,0.017088244,-0.003472513,0.014884464,3.65,1.1796875,3.141592654,0,0,0
3.697540691,1.33634213,3.072561739,0.022530527,-0.011477196,0.004067199,3.65,1.1796875,3.141592654,0,0,0
3.693081131,1.338678946,3.075357224,0.022745014,-0.010899129,0.013355224,3.65,1.1796875,3.141592654,0,0,0
3.69006677,1.339869017,3.075769199,0.019627312,-0.008363861,0.002862031,3.65,1.1796875,3.141592654,0,0,0
3.68670087,1.341321195,3.074792203,0.018617582,-0.007422115,-0.006531317,3.65,1.1796875,3.141592654,0,0,0
3.685122887,1.341528161,3.073573358,0.014071579,-0.004483646,-0.008155155,3.65,1.1796875,3.141592654,0,0,0
3.685434492,1.340158049,3.073343008,0.007228148,0.000289247,-0.002493163,3.65,1.1796875,3.141592654,0,0,0
3.686681521,1.338886132,3.071506843,0.001323541,0.002686642,-0.00963398,3.65,1.1796875,3.141592654,0,0,0
3.688242489,1.337849918,3.069936721,-0.00270252,0.003514751,-0.011184265,3.65,1.1796875,3.141592654,0,0,0
3.690085752,1.336745741,3.067038039,-0.005626748,0.004089284,-0.01895056,3.65,1.1796875,3.141592654,0,0,0
3.692253364,1.335937985,3.065122643,-0.007956548,0.003729227,-0.01302951,3.65,1.1796875,3.141592654,0,0,0
3.694211231,1.336521682,3.06738893,-0.008634192,0.00059209,0.008821109,3.65,1.1796875,3.141592654,0,0,0
3.695372755,1.337006391,3.07806193,-0.007347194,-0.000875055,0.056284746,3.65,1.1796875,3.141592654,0,0,0
3.696641335,1.33733358,3.097654542,-0.00686491,-0.001377805,0.106853335,3.65,1.1796875,3.141592654,0,0,0
3.695920898,1.337519156,3.119472222,-0.002395067,-0.001079273,0.125279103,3.65,1.1796875,3.141592654,0,0,0
3.693476525,1.340276906,3.131042445,0.004042436,-0.006266602,0.07182068,3.65,1.1796875,3.141592654,0,0,0
3.693766923,1.342411698,3.129712655,0.001774255,-0.008170747,-0.006301913,3.65,1.1796875,3.141592654,0,0,0
3.694367874,1.34372219,3.120224381,-0.000233542,-0.007502193,-0.051153026,3.65,1.1796875,3.141592654,0,0,0
3.695075545,1.344492629,3.110331567,-0.001604851,-0.005973909,-0.054111638,3.65,1.1796875,3.141592654,0,0,0
3.694577614,1.345273181,3.105095775,0.000187133,-0.005066578,-0.032345198,3.65,1.1796875,3.141592654,0,0,0
3.696919292,1.343130538,3.104728561,-0.004999049,0.001497729,-0.014883507,3.65,1.1796875,3.141592654,0,0,0
3.700948584,1.339632956,3.107151487,-0.011666055,0.008024723,-0.000910603,3.65,1.1796875,3.141592654,0,0,0
3.706674482,1.335291797,3.110794204,-0.019152202,0.013459487,0.008240177,3.65,1.1796875,3.141592654,0,0,0
3.711663948,1.333686732,3.1131851,-0.021689189,0.010851484,0.002875633,3.65,1.1796875,3.141592654,0,0,0
3.720455695,1.336532443,3.107262164,-0.030966505,-0.000296118,-0.038569823,3.65,1.1796875,3.141592654,0,0,0
3.730741873,1.337944097,3.099607908,-0.039549516,-0.003889017,-0.039059704,3.65,1.1796875,3.141592654,0,0,0
3.737082146,1.337559898,3.093983098,-0.036208525,-0.001998338,-0.02805551,3.65,1.1796875,3.141592654,0,0,0
3.740853831,1.332768706,3.094870085,-0.029253964,0.008596894,0.008074482,3.65,1.1796875,3.141592654,0,0,0
3.742967222,1.329714976,3.095833858,-0.021599932,0.011187434,0.009113283,3.65,1.1796875,3.141592654,0,0,0
3.742595833,1.328604774,3.097537775,-0.011737137,0.008805156,0.016189808,3.65,1.1796875,3.141592654,0,0,0
3.741064442,1.328984812,3.099345814,-0.003452104,0.004400734,0.015309989,3.65,1.1796875,3.141592654,0,0,0
3.739497583,1.332807022,3.100163935,0.001715865,-0.005438537,0.013399392,3.65,1.1796875,3.141592654,0,0,0
3.737886029,1.335456137,3.101868183,0.004663211,-0.008595499,0.018250728,3.65,1.1796875,3.141592654,0,0,0
3.734620196,1.337981496,3.10347118,0.00984532,-0.010001288,0.015134767,3.65,1.1796875,3.141592654,0,0,0
3.728411337,1.339426043,3.106309104,0.018954713,-0.008298595,0.01206792,3.65,1.1796875,3.141592654,0,0,0
3.725168017,1.340192442,3.11228665,0.01781431,-0.006201403,0.015527469,3.65,1.1796875,3.141592654,0,0,0
3.721555547,1.338827337,3.11715784,0.0178102,-0.000488527,0.008707083,3.65,1.1796875,3.141592654,0,0,0
3.720086857,1.33691407,3.121367838,0.013255038,0.003818436,0.006559182,3.65,1.1796875,3.141592654,0,0,0
3.717466933,1.3381714,3.123345958,0.013239826,-0.000387902,0.001508507,3.65,1.1796875,3.141592654,0,0,0
3.715523765,1.334835016,3.124847903,0.011615274,0.00691826,-0.003681147,3.65,1.1796875,3.141592654,0,0,0
3.714862142,1.331703617,3.127125092,0.007990538,0.010634746,-0.000679265,3.65,1.1796875,3.141592654,0,0,0
3.715780683,1.33043463,3.126794318,0.002617239,0.008771448,-0.013442892,3.65,1.1796875,3.141592654,0,0,0
3.71778038,1.330366188,3.125797694,-0.002742205,0.005132092,-0.016842018,3.65,1.1796875,3.141592654,0,0,0
3.721410584,1.329431497,3.125832723,-0.009314523,0.004841273,-0.009655752,3.65,1.1796875,3.141592654,0,0,0
3.724896339,1.328473125,3.125385403,-0.012782751,0.004729781,-0.012133879,3.65,1.1796875,3.141592654,0,0,0
3.724788421,1.331673215,3.118949264,-0.007003266,-0.004111263,-0.016250121,3.65,1.1796875,3.141592654,0,0,0
3.726382645,1.33308224,3.113832935,-0.007331372,-0.005451995,-0.01126411,3.65,1.1796875,3.141592654,0,0,0
3.724070637,1.337934034,3.107298785,0.001024138,-0.013316473,-0.013139364,3.65,1.1796875,3.141592654,0,0,0
3.730252433,1.336064163,3.106005981,-0.012667081,-0.004097268,-0.008009241,3.65,1.1796875,3.141592654,0,0,0
3.735015865,1.334826916,3.105688278,-0.01748418,-8.51E-05,0.000459306,3.65,1.1796875,3.141592654,0,0,0
3.737311685,1.333692244,3.104880406,-0.015005443,0.002185198,-0.003959781,3.65,1.1796875,3.141592654,0,0,0
3.738925742,1.33216265,3.103669889,-0.012166011,0.004377235,-0.005997882,3.65,1.1796875,3.141592654,0,0,0
