$$$2019-02-21 14:32:43.126721,1.81929611039,0.823480791415,1.57534520342,0.00121723326105,0.0010021415684,0.0023766003809,2.19007913526,1.04997160828,1.57079632679,-0.000283917174074,0.00233364735659,0.0,-0.00141958587037,0.0116682367829,0.0,0.000268314747425,0.000322516994869,0.000539493544409,-0.0013664939966,0.0116745735607,0.0,5.54915919422e-06,6.49522030564e-07,0.0,0.0494564032921,-0.0817980820665,-0.00400301143387,-0.000775076671392,0.00069304203474,-0.00247166439614
$$$2019-02-21 14:32:43.326601,2.02079817406,0.957002360797,1.57558617138,0.282829001244,-0.429306893118,0.000652921693738,2.18937904106,1.04988643313,1.57079632679,-0.000567834348147,0.00466729471318,0.0,-0.00141958587037,0.0116682367829,0.0,0.081934798409,-0.27271389827,0.000147740076336,-0.00136368075882,0.011674902503,0.0,3.04911884659e-06,3.56150700306e-07,0.0,0.020256617429,-0.0371852429801,-0.00421506323587,-0.147354726245,0.225667964142,-0.000679038561487
$$$2019-02-21 14:32:43.526663,2.13689837634,1.03309232426,1.57560695166,0.323169892078,-0.494406403882,7.31179498428e-06,2.18821221738,1.04974447454,1.57079632679,-0.000851751522221,0.00700094206976,0.0,-0.00141958587037,0.0116682367829,0.0,0.0963749805176,-0.338079428145,1.65248821152e-06,-0.00136343815082,0.0116749308381,0.0,5.12188204464e-08,5.98150813955e-09,0.0,0.00360912352069,-0.0113065379296,-0.00423334987894,-0.168473736584,0.26073390844,-7.60426678365e-06
$$$2019-02-21 14:32:43.726632,2.18862924064,1.06674176073,1.57512202268,0.256796683893,-0.394407347921,-0.00144865598847,2.18657866423,1.04954573252,1.57079632679,-0.00113566869629,0.00933458942635,0.0,-0.00141958587037,0.0116682367829,0.0,0.0719931213563,-0.240906945094,-0.000328281234774,-0.00136909950258,0.0116742682948,0.0,-1.3529598941e-05,-1.58668335458e-06,0.0,-0.00378113938059,0.000467487192934,-0.00380661237734,-0.134103821017,0.209948316529,0.00150660222801
$$$2019-02-21 14:32:43.926718,2.20115601751,1.07519983424,1.57034022121,0.165413884932,-0.253341022814,-0.0243434270197,2.18447838161,1.04929020706,1.57079632679,-0.00141958587037,0.0116682367829,0.0,-0.00141958587037,0.0116682367829,0.0,0.0370149280522,-0.1321022021,-0.00575151495501,-0.00142490767049,0.0116675880882,0.0,-0.000284029079122,-3.46871358865e-05,0.0,-0.00570179087319,0.00366647966129,0.000401372915116,-0.0867561721533,0.137804477669,0.0253171641005
$$$2019-02-21 14:32:44.126826,2.19492930222,1.07169232165,1.57095965871,0.0878128214638,-0.13216283253,0.00302137502431,2.18191136952,1.04897789817,1.57079632679,-0.00170350304444,0.0140018841395,0.0,-0.00141958587037,0.0116682367829,0.0,0.0217185032034,-0.0547057549219,0.000686680331252,-0.00141768005594,0.011668468491,0.0,4.23057831247e-05,5.14001173619e-06,0.0,-0.00499670532532,0.00286476135374,-0.000143732088078,-0.0465472995161,0.0760057972538,-0.00314223002528
$$$2019-02-21 14:32:44.326819,2.18294295624,1.06433016328,1.57428257816,0.0348630501832,-0.0503920807656,0.0185663256576,2.17887762795,1.04860880585,1.57079632679,-0.00198742021852,0.0163355314961,0.0,-0.00141958587037,0.0116682367829,0.0,0.00896491352689,-0.0172653394105,0.00434135315131,-0.00137889891954,0.0116731148986,0.0,0.000303417593704,3.58415209446e-05,0.0,-0.00345555961619,0.000906424655622,-0.00306790120423,-0.0191326245087,0.0347019096443,-0.0193089786839
$$$2019-02-21 14:32:44.526842,2.17151090828,1.05621099164,1.57967925689,0.00279354848841,-0.00461147389007,0.0305697153317,2.17537715692,1.04818293009,1.57079632679,-0.00227133739259,0.0186691788527,0.0,-0.00141958587037,0.0116682367829,0.0,0.000763256384902,-0.00139769898858,0.00730283747579,-0.00131588309491,0.0116803863526,0.0,0.000571305737222,6.43618745939e-05,0.0,-0.00177365935657,-0.000834852552604,-0.00781697848298,-0.00254745994894,0.0121160478682,-0.0317925039449
$$$2019-02-21 14:32:44.726712,2.16321968226,1.05034276498,1.58799386859,-0.0107905313499,0.0150485228327,0.0476976272579,2.17140995641,1.04770027089,1.57079632679,-0.00255525456666,0.0210028262093,0.0,-0.00141958587037,0.0116682367829,0.0,-0.00314177642164,0.0044412229433,0.0117390580998,-0.00121872085187,0.0116909235371,0.0,0.00100373276372,0.000104634167263,0.0,-0.00061224877355,-0.00179159658861,-0.0151338367757,0.00447035358458,0.00311747255776,-0.0496055323482
$$$2019-02-21 14:32:44.927266,2.15830905131,1.0462625256,1.5959192681,-0.0147430214211,0.0192002525015,0.0480143961039,2.16697602643,1.04716082826,1.57079632679,-0.00283917174074,0.0233364735659,0.0,-0.00141958587037,0.0116682367829,0.0,-0.0042475010848,0.00567425952597,0.0118234332072,-0.00112602830714,0.0117002151227,0.0,0.0011235575268,0.000108131138327,0.0,0.000149666479564,-0.00191109726897,-0.0221081883524,0.00649530169952,0.00218409242685,-0.049934971948
$$$2019-02-21 14:32:45.126653,2.15660649097,1.04129764703,1.60441978754,-0.0189309254451,0.0148647904602,0.0508494193518,2.16207536699,1.04656460219,1.57079632679,-0.00312308891481,0.0256701209225,0.0,-0.00141958587037,0.0116682367829,0.0,-0.0050448229805,0.00393075115339,0.0125823430497,-0.00102653091642,0.0117093641136,0.0,0.00130991160554,0.000114836702302,0.0,0.00111762866876,-0.00124142585988,-0.0295886454525,0.00866972986308,0.00566582150658,-0.0528833961259
$$$2019-02-21 14:32:45.326722,2.15420218218,1.03388364439,1.61189506922,-0.0264691694502,0.0141158329217,0.0409251869575,2.15670797807,1.04591159269,1.57079632679,-0.00340700608888,0.0280037682791,0.0,-0.00141958587037,0.0116682367829,0.0,-0.0066214909236,0.00355575268586,0.00995538532253,-0.000938972255529,0.0117167104927,0.0,0.00115082056186,9.22262762531e-05,0.0,0.0026212637922,-0.000659532345385,-0.0361668933299,0.0125921307392,0.0072822215756,-0.0425621944358
$$$2019-02-21 14:32:45.526832,2.15153908072,1.02938673102,1.61567177955,-0.0245433917959,0.0141523884287,0.0235798379816,2.15087385967,1.04520179976,1.57079632679,-0.00369092326296,0.0303374156356,0.0,0.000380738458899,0.00490229096755,0.0,-0.00592665838211,0.0040726753236,0.00556351227761,0.000600273853574,0.00488027558702,0.0,0.000718535438363,5.48528129337e-05,0.0,0.00348237763349,-9.88214696227e-06,-0.0394903984253,0.0115529089963,0.00848643211545,-0.0245230315008
$$$2019-02-21 14:32:45.726917,2.14538976234,1.02742685155,1.61764658567,-0.0177328633168,0.0213937072945,0.0157412368126,2.14470833073,1.04447122987,1.57079632679,-0.00361477557118,0.0313178738292,0.0,0.000380738458899,0.00490229096755,0.0,-0.00434928637643,0.00686680274166,0.00366201110204,0.00060991027493,0.00487908064712,0.0,0.000495105985927,3.37507130873e-05,0.0,0.00375266970413,-2.58626613717e-05,-0.0412282278135,0.00810615932837,0.00523072862663,-0.0163708862851
$$$2019-02-21 14:32:45.926855,2.13693424643,1.02626025979,1.61990865139,-0.0118608415338,0.0303855043243,0.0130669449096,2.13834671014,1.04375588953,1.57079632679,-0.0035386278794,0.0322983320227,0.0,0.000380738458899,0.00490229096755,0.0,-0.00306446865255,0.0101964472397,0.00302513273685,0.000620945506142,0.0048776885082,0.0,0.000423801637031,2.54642422005e-05,0.0,0.00382914236766,-0.000499326580198,-0.0432188456444,0.00515428627211,0.0010647539729,-0.013589622706
$$$2019-02-21 14:32:46.126808,2.13009640114,1.02502940319,1.61937240664,-0.00870922801652,0.032121342627,-0.00424752689208,2.13178899792,1.04305577872,1.57079632679,-0.00346248018762,0.0332787902162,0.0,0.000380738458899,0.00490229096755,0.0,-0.00181574610455,0.0110210056964,-0.000967549171707,0.000618329782134,0.00487802078564,0.0,-0.000141899945312,-7.82597653304e-06,0.0,0.00394304338792,-0.000564499438557,-0.0427469502645,0.00357070980292,0.000668886388035,0.00441742796776
$$$2019-02-21 14:32:46.326698,2.12211357474,1.02388616998,1.61643716839,-0.00660007135338,0.0355342608875,-0.0160918567595,2.12503519406,1.04237089745,1.57079632679,-0.00338633249584,0.0342592484097,0.0,0.000380738458899,0.00490229096755,0.0,-0.000904322213139,0.012346963811,-0.00374595793767,0.000604008985872,0.00487981471468,0.0,-0.000553207034878,-2.92828018262e-05,0.0,0.00403307944676,-0.000827627349712,-0.0401639406078,0.00248577855962,-0.000601217427034,0.0167355310299
$$$2019-02-21 14:32:46.526817,2.11652183644,1.02329149427,1.60988086053,-0.00449467766884,0.0323544131587,-0.0362446009241,2.11808529855,1.04170124572,1.57079632679,-0.00331018480406,0.0352397066032,0.0,0.000380738458899,0.00490229096755,0.0,0.000169647281833,0.0112321966191,-0.0087452549101,0.000572002665832,0.00488366987571,0.0,-0.00128096168836,-6.99767241113e-05,0.0,0.00403361205133,-0.000501956722484,-0.0343943896892,0.0013332788165,0.00155361692819,0.0376943849611
$$$2019-02-21 14:32:46.726647,2.1079468281,1.02145859155,1.60140889767,-0.00569270432864,0.0369777922648,-0.0504068046926,2.11093931141,1.04104682353,1.57079632679,-0.00323403711228,0.0362201647967,0.0,0.000380738458899,0.00490229096755,0.0,0.00059195090042,0.0130644451247,-0.0124634126016,0.000530608363572,0.00488834054349,0.0,-0.00182987696561,-0.000107059147831,0.0,0.00428724142925,-0.000789939422885,-0.0269390623718,0.00185577685467,-0.000351317671685,0.0524230768803
$$$2019-02-21 14:32:46.926759,2.10143092696,1.01973775313,1.59181093528,-0.00644032766143,0.0352257030829,-0.059028877925,2.10359723264,1.04040763088,1.57079632679,-0.0031578894205,0.0372006229902,0.0,0.000380738458899,0.00490229096755,0.0,0.000639168926795,0.0125065927279,-0.0148099014456,0.000483666535369,0.00489320806702,0.0,-0.00219934315365,-0.000140222696499,0.0,0.00453635449315,-0.000572036251365,-0.0184928554682,0.00211371393417,0.00105719275037,0.061390033042
$$$2019-02-21 14:32:47.126811,2.09327071844,1.01871695977,1.58014545796,-0.00541292671675,0.0376379202443,-0.0689699952122,2.09605906222,1.03978366776,1.57079632679,-0.00308174172872,0.0381810811837,0.0,0.000380738458899,0.00490229096755,0.0,0.00138677605809,0.0133973010948,-0.017593186881,0.000426553313138,0.00489851720173,0.0,-0.00263522100919,-0.000187919256924,0.0,0.00462873820348,-0.000656738383166,-0.0082272354218,0.00139790269039,0.000296557823567,0.0717287950207
$$$2019-02-21 14:32:47.326795,2.08679508309,1.01722505838,1.56785021254,-0.00607499285455,0.0354450981467,-0.0758377835595,2.08832480016,1.03917493419,1.57079632679,-0.00300559403694,0.0391615393772,0.0,0.000380738458899,0.00490229096755,0.0,0.00133013051426,0.0126684187332,-0.0195646915669,0.000366294118172,0.00490339139001,0.0,-0.00296923992909,-0.000236686324633,0.0,0.00482994319883,-0.000322309610164,0.002592580543,0.00153609958258,0.00192785656285,0.0788712949019
$$$2019-02-21 14:32:47.526759,2.07778915187,1.01660753297,1.56342676692,-0.00471963322427,0.0395096010871,-0.0355216434507,2.08039444647,1.03858143015,1.57079632679,-0.00292944634516,0.0401419975707,0.0,0.000380738458899,0.00490229096755,0.0,0.000349969675739,0.013893970038,-0.00855998706247,0.000344600720107,0.0049049636949,0.0,-0.00142510414417,-0.000114564154838,0.0,0.0048383500382,-0.0005375232193,0.0064852126926,0.000777108930785,0.000317053302572,0.0369425091888
$$$2019-02-21 14:32:47.726853,2.0657708558,1.0170804473,1.56015531053,-0.00175226593511,0.0482442328273,-0.0254553433057,2.07226800113,1.03800315565,1.57079632679,-0.00285329865338,0.0411224557643,0.0,0.000380738458899,0.00490229096755,0.0,0.000838172157294,0.0171171101044,-0.00602615843493,0.000328552529893,0.00490606479163,0.0,-0.00104595410469,-8.37662438051e-05,0.0,0.00461794492055,-0.00138031142021,0.00936409431288,-0.000799992773409,-0.00372032265202,0.0264735570379
$$$2019-02-21 14:32:47.926806,2.0566425747,1.01931990446,1.55807388918,0.00358403488967,0.0471462875604,-0.0149073277196,2.06394546416,1.03744011069,1.57079632679,-0.0027771509616,0.0421029139578,0.0,0.000380738458899,0.00490229096755,0.0,0.001501864378,0.0165922605316,-0.00346276978922,0.000318340237566,0.00490673802008,0.0,-0.000627064448378,-4.93814690223e-05,0.0,0.00400656252118,-0.0015557897239,0.0111957451014,-0.00358623113946,-0.00264269830812,0.0155036208283
$$$2019-02-21 14:32:48.126813,2.04738609432,1.02274965991,1.55718743413,0.00911358149563,0.0468380735979,-0.00595543797519,2.05542683555,1.03689229527,1.57079632679,-0.00270100326982,0.0430833721513,0.0,0.00218106476701,-0.00186365618925,0.0,0.00232262770246,0.0164719185493,-0.00136088551812,0.00220622431558,-0.0018338026554,0.0,-0.000256337690155,-1.95758345901e-05,0.0,0.00313516455158,-0.00172645813822,0.011975825541,-0.00644832944243,-0.00197363268779,0.0061936554942
$$$2019-02-21 14:32:48.326704,2.04070209043,1.02517764712,1.55705070827,0.0102103043802,0.0411823571525,-0.00267614605177,2.04684743424,1.03639571591,1.57079632679,-0.00226479031642,0.0427106409134,0.0,0.00218106476701,-0.00186365618925,0.0,0.00240246955465,0.014331083827,-0.000607829120918,0.00220647502321,-0.00183350099034,0.0,-0.000114205806862,-7.63141061931e-06,0.0,0.00248632513979,-0.00131792514182,0.0120961442998,-0.0067922121449,0.000776421850622,0.00278319189384
$$$2019-02-21 14:32:48.526855,2.03040605909,1.02803012997,1.55766317835,0.0116351297472,0.045630628956,0.00286281403923,2.03834257919,1.03598637914,1.57079632679,-0.00182857736302,0.0423379096756,0.0,0.00218106476701,-0.00186365618925,0.0,0.00248541141717,0.0160927284506,0.000650452101337,0.00220535164495,-0.00183485204628,0.0,0.000121126361179,6.82619038117e-06,0.0,0.00177315413682,-0.00172289657468,0.0115571706359,-0.00729017301236,-0.00172660005864,-0.0029773266008
$$$2019-02-21 14:32:48.726832,2.0211232505,1.03049168205,1.55828387766,0.0116352590071,0.0460245026331,0.00573669826991,2.02991227037,1.03566428496,1.57079632679,-0.00139236440961,0.0419651784377,0.0,0.00218106476701,-0.00186365618925,0.0,0.00235204415472,0.0162781941642,0.00131037183246,0.00220421232879,-0.00183622055299,0.0,0.000240622779858,1.09991372414e-05,0.0,0.00116207680516,-0.00191919455893,0.0110109552406,-0.00704734569879,-0.00212161593797,-0.00596616620071
$$$2019-02-21 14:32:48.926824,2.01078278057,1.0350637336,1.55881385534,0.0161180734212,0.0485524053634,0.00384252653385,2.02155650781,1.03542943338,1.57079632679,-0.00095615145621,0.0415924471999,0.0,0.00218106476701,-0.00186365618925,0.0,0.00345444128545,0.0172545595327,0.000874637401436,0.00220323886338,-0.00183738847839,0.0,0.000159764585663,5.58876732992e-06,0.0,0.000108848589134,-0.00236908582388,0.0105445748837,-0.00913771280328,-0.00362668842905,-0.0039962275952
$$$2019-02-21 14:32:49.126790,1.99955005524,1.0393578667,1.55694599213,0.0180798033791,0.051892700147,-0.00712645303385,2.01327529149,1.03528182438,1.57079632679,-0.000519938502807,0.041219715962,0.0,0.00218106476701,-0.00186365618925,0.0,0.00446231529373,0.0183747766141,-0.00163199498221,0.00220666700826,-0.00183326992674,0.0,-0.000293670876752,-7.77337277943e-06,0.0,-0.000854822832028,-0.00303168196109,0.0121882945024,-0.00996870192251,-0.00555575219647,0.00741151115521
$$$2019-02-21 14:32:49.326645,1.99177381659,1.0415557191,1.55239554973,0.0148205186258,0.0464119090526,-0.0219309680143,2.00506862143,1.03522145797,1.57079632679,-8.37255494046e-05,0.0408469847242,0.0,0.00218106476701,-0.00186365618925,0.0,0.0043612223301,0.0160361724314,-0.00515922270612,0.0022149863225,-0.00182320966999,0.0,-0.000895628478282,-1.83186134643e-05,0.0,-0.00133948493087,-0.00295000264204,0.0161926838133,-0.00814101800034,-0.00289815750804,0.0228082067349
$$$2019-02-21 14:32:49.526841,1.97923313999,1.0457717183,1.54537022235,0.0169861061999,0.0534886136528,-0.0337671343602,1.9969364976,1.03524833416,1.57079632679,0.000352487403998,0.0404742534863,0.0,0.00218106476701,-0.00186365618925,0.0,0.00564671968876,0.0185622377431,-0.00811220287075,0.00222774020162,-0.00180760380164,0.0,-0.00136656040413,-2.28474592162e-05,0.0,-0.00221537883438,-0.00395233855898,0.0223749719155,-0.00918461671177,-0.00676961016203,0.0351178197346
$$$2019-02-21 14:32:49.726747,1.96914426825,1.04828142437,1.53843929639,0.0146096502129,0.0522977354148,-0.0413417865918,1.98887892003,1.03536245294,1.57079632679,0.000788700357401,0.0401015222485,0.0,0.00218106476701,-0.00186365618925,0.0,0.00545715069162,0.018059722157,-0.0100639895072,0.00224021496185,-0.00179212020644,0.0,-0.0016580556334,-2.10451294248e-05,0.0,-0.00270022847236,-0.004431299053,0.0284741867597,-0.00786172527997,-0.0063396780098,0.0429954580555
$$$2019-02-21 14:32:49.926751,1.95771581386,1.05181425715,1.53065417731,0.0152030025723,0.0545490216205,-0.0464041758734,1.9808958887,1.0355638143,1.57079632679,0.0012249133108,0.0397287910106,0.0,0.00218106476701,-0.00186365618925,0.0,0.00596232068244,0.0188524689388,-0.0113954104044,0.00225409880291,-0.00177462573417,0.0,-0.001844377749,-1.71901605418e-05,0.0,-0.00336756277891,-0.00523898183281,0.0353250915479,-0.00809819235221,-0.00769760066107,0.0482603429083
$$$2019-02-21 14:32:50.126737,1.94935898959,1.05332497428,1.52333843585,0.011291215957,0.0492196410684,-0.046328826905,1.97298740363,1.03585241826,1.57079632679,0.00166112626421,0.0393560597728,0.0,0.00218106476701,-0.00186365618925,0.0,0.00481809155728,0.0169300737813,-0.0113754349779,0.00226702107066,-0.00175808798836,0.0,-0.00182491807364,-9.62706463909e-06,0.0,-0.00359302891277,-0.00537475617709,0.0417629440322,-0.00597948756141,-0.00511112622191,0.0481819799812
$$$2019-02-21 14:32:50.326726,1.94163994686,1.0551229523,1.51773478762,0.00957062628412,0.0448438064662,-0.0362663887099,1.9651534648,1.03622826481,1.57079632679,0.00209733921761,0.0389833285349,0.0,0.00218106476701,-0.00186365618925,0.0,0.00377353008124,0.015409317245,-0.00875084517407,0.00227683713261,-0.00174535686357,0.0,-0.00141582886047,9.7347916942e-07,0.0,-0.00387662361232,-0.00538615770781,0.0466941544696,-0.00496276758738,-0.00301813643569,0.0377170442583
$$$2019-02-21 14:32:50.526801,1.93022345936,1.05690624341,1.51258697899,0.00810922026975,0.0501951827425,-0.0345009600433,1.95739407221,1.03669135395,1.57079632679,0.00253355217101,0.0386105972971,0.0,0.00218106476701,-0.00186365618925,0.0,0.00354832616735,0.0175555432002,-0.00829917332985,0.00228579168812,-0.0017336130676,0.0,-0.00133493171644,9.76489081767e-06,0.0,-0.0040919914519,-0.00622613761207,0.0512242260718,-0.00406961767276,-0.0059813449874,0.035880998445
$$$2019-02-21 14:32:50.726771,1.91981726364,1.06053687332,1.50721624445,0.0111168289724,0.0513484765811,-0.0302830577793,1.94970922588,1.03724168568,1.57079632679,0.00296976512442,0.0382378660592,0.0,0.00398139079207,-0.00862960326764,0.0,0.0040531406032,0.0179522482159,-0.00723069677338,0.00452164756277,-0.00835920023172,0.0,-0.00116133394432,1.61782870004e-05,0.0,-0.0046967504614,-0.00688856889987,0.0559504724654,-0.00550294856295,-0.00675957394079,0.0314943800905
$$$2019-02-21 14:32:50.926810,1.91047678944,1.0637628693,1.50214824746,0.0119429985607,0.0497511835001,-0.0233433835023,1.94223424473,1.03791526652,1.57079632679,0.00376604328283,0.0365119454057,0.0,0.00398139079207,-0.00862960326764,0.0,0.00384749152951,0.0173824323962,-0.00550539471696,0.00456395371483,-0.00833617728248,0.0,-0.0008563351108,2.92414670374e-05,0.0,-0.00519383614398,-0.00736024304438,0.0604103098175,-0.00555897283802,-0.00679479217566,0.0242771188424
$$$2019-02-21 14:32:51.126817,1.90356831722,1.06514084729,1.49955761393,0.00874228766951,0.0434459395785,-0.0117467800134,1.93510444771,1.03874810299,1.57079632679,0.00456232144124,0.0347860247522,0.0,0.00398139079207,-0.00862960326764,0.0,0.00247001068442,0.0151176472217,-0.00271296133375,0.00458553435577,-0.0083243257906,0.0,-0.000411401983689,2.43714373065e-05,0.0,-0.0052978437682,-0.0073336422166,0.0626900673168,-0.00346712819933,-0.0043801717296,0.012216651214
$$$2019-02-21 14:32:51.326778,1.89620165463,1.06600966913,1.49839327171,0.00573179909851,0.0407189429713,-0.00443163241011,1.92831983483,1.03974019509,1.57079632679,0.00535859959966,0.0330601040987,0.0,0.00398139079207,-0.00862960326764,0.0,0.00146122097133,0.014157481325,-0.00100983084525,0.00459522360933,-0.0083189810179,0.0,-0.0001478442568,1.30866040872e-05,0.0,-0.00525298972226,-0.00746555937734,0.0637146884773,-0.00144497628452,-0.00382606370086,0.00460889770652
$$$2019-02-21 14:32:51.526761,1.89015245732,1.06640427246,1.49829991562,0.00317953051075,0.0362823445739,0.00143398129887,1.92188040608,1.04089154283,1.57079632679,0.00615487775807,0.0313341834451,0.0,0.00398139079207,-0.00862960326764,0.0,0.0006565262899,0.012523085537,0.000324946916253,0.00459600021685,-0.00831855198954,0.0,4.54538994083e-05,-5.54819426808e-06,0.0,-0.0050924647122,-0.00736836542634,0.0637968418366,0.000358567875441,-0.00238401866292,-0.00149134055083
$$$2019-02-21 14:32:51.726832,1.88178786858,1.06603419824,1.49940044708,-0.000283337374584,0.0385228942917,0.0105741277403,1.91578616145,1.0422021462,1.57079632679,0.00695115591648,0.0296082627916,0.0,0.00398139079207,-0.00862960326764,0.0,-0.000470294142016,0.0133524168159,0.00243690406453,0.00458684260725,-0.00832360499377,0.0,0.000317527257403,-5.09814079119e-05,0.0,-0.00469613342995,-0.00783458364893,0.0628283741506,0.00265442942546,-0.00441698360217,-0.0109970928499
$$$2019-02-21 14:32:51.926844,1.87314170485,1.06472078213,1.50105205321,-0.00431227665054,0.0402568398001,0.0149166109922,1.91003710096,1.0436720052,1.57079632679,0.0077474340749,0.0278823421381,0.0,0.00398139079207,-0.00862960326764,0.0,-0.00156263155755,0.013943845296,0.00346498456228,0.00457308904042,-0.00833116929514,0.0,0.000422952409428,-8.63006702067e-05,0.0,-0.00405381841307,-0.00841995875808,0.061374960751,0.00525086537805,-0.00618923890036,-0.0155132754318
$$$2019-02-21 14:32:52.126806,1.86710711336,1.06417077971,1.50486896216,-0.00458276947073,0.0358346736694,0.0265974061964,1.9046332246,1.04530111983,1.57079632679,0.00854371223331,0.0261564214845,0.0,0.00398139079207,-0.00862960326764,0.0,-0.0019758883892,0.0122303129579,0.00630933366469,0.00454125649086,-0.00834856362976,0.0,0.000709152151081,-0.000180914936089,0.0,-0.00359842146082,-0.00851129722697,0.0580160808785,0.0059200679865,-0.0047695536054,-0.0276613024443
$$$2019-02-21 14:32:52.326711,1.86503051131,1.06389165422,1.51063542253,-0.00353064497174,0.0249464546165,0.0381968896142,1.89957453236,1.04708949009,1.57079632679,0.00933999039173,0.024430500831,0.0,0.00398139079207,-0.00862960326764,0.0,-0.00173996883587,0.00826331198239,0.00924775835485,0.00449303959351,-0.00837461165709,0.0,0.000952930901474,-0.000300006721839,0.0,-0.00323286058085,-0.00780818510296,0.0529415957562,0.0059201290705,7.3416123259e-07,-0.0397247651988
$$$2019-02-21 14:32:52.526780,1.86507650089,1.06379439784,1.5182154031,-0.00221628963335,0.0142193952385,0.0496060521113,1.89486102426,1.04903711598,1.57079632679,0.0101362685501,0.0227045801775,0.0,0.00398139079207,-0.00862960326764,0.0,-0.00119876275057,0.00456419057896,0.0122486704404,0.00442943173206,-0.00840842789866,0.0,0.00115115456943,-0.000442931539881,0.0,-0.00289773225002,-0.00671416975589,0.0462712128522,0.00579554118108,0.00467299803988,-0.0515902941958
$$$2019-02-21 14:32:52.726809,1.85880071443,1.06200837938,1.52701857446,-0.00584341401858,0.0212620898275,0.0530438111524,1.89049270029,1.05114399751,1.57079632679,0.0109325467086,0.020978659524,0.0,0.00398139079207,-0.00862960326764,0.0,-0.00243368579332,0.00678995057841,0.0131744157971,0.00435524022629,-0.00844709463468,0.0,0.00113710068284,-0.00053064854036,0.0,-0.00208274263756,-0.00707015943015,0.038524422052,0.00824063816924,9.09582223734e-05,-0.0551655635985
$$$2019-02-21 14:32:52.926811,1.85330438884,1.06130977253,1.53160146571,-0.00541614001916,0.0238137834219,0.0333485816335,1.88646956045,1.05341013467,1.57079632679,0.011728824867,0.0192527388704,0.0,0.00398139079207,-0.00862960326764,0.0,-0.00200398889058,0.007816292997,0.00800576378331,0.00431648250954,-0.00846696545055,0.0,0.000656885165532,-0.000365680592443,0.0,-0.00145067984342,-0.00735883412631,0.0344914777586,0.0085184016738,-0.00214044432057,-0.0346825248988
$$$2019-02-21 14:32:53.126803,1.84581202089,1.06016690629,1.53395396676,-0.00622795988796,0.0294877029169,0.0179730944217,1.88279160475,1.05583552746,1.57079632679,0.0125251030254,0.0175268182169,0.0,0.00398139079207,-0.00862960326764,0.0,-0.00192234961249,0.00991406481596,0.00419814198562,0.00429655203849,-0.00847709654165,0.0,0.000323089277767,-0.00021335896653,0.0,-0.000652593171818,-0.00816508693329,0.0324212768305,0.00941146963395,-0.00598594281069,-0.0186920181986
$$$2019-02-21 14:32:53.326745,1.84114035716,1.05965310535,1.53332729844,-0.00504027396693,0.0268227837382,-0.000152097015517,1.87945883317,1.05842017588,1.57079632679,0.0133213811838,0.0158008975634,0.0,0.00578171729278,-0.00171535471897,0.0,-0.00112134790987,0.0090678183436,-3.43836809046e-05,0.00584191684657,-0.00149756609981,0.0,-2.47748237207e-06,1.93469310879e-06,0.0,4.47383280205e-05,-0.00843430870113,0.0329727449562,0.0092354076655,-0.0054776561394,0.000158180896137
$$$2019-02-21 14:32:53.526746,1.83917783696,1.0598337625,1.52978299478,-0.00266408066567,0.0195920698269,-0.0158796571721,1.87633296075,1.06120008646,1.57079632679,0.0144777246423,0.0154578266196,0.0,0.00578171729278,-0.00171535471897,0.0,-0.000282248383927,0.00656035779003,-0.00369513987385,0.00584718797116,-0.00147685120967,0.0,-0.00025468494408,0.000219643458427,0.0,0.000635492710634,-0.00815492858086,0.0360917321707,0.00857783228466,-0.00184788700879,0.0165148434589
$$$2019-02-21 14:32:53.726754,1.83778243035,1.06127571756,1.52318097411,0.00141382921159,0.0143393482697,-0.0353442464703,1.87327570252,1.06421126573,1.57079632679,0.0156340681009,0.0151147556758,0.0,0.00578171729278,-0.00171535471897,0.0,0.000821295671382,0.00466486359536,-0.00851459398768,0.00585681067326,-0.00143821604883,0.0,-0.000559915248965,0.000526520624092,0.0,0.0010167535778,-0.00776893036966,0.0419015103634,0.00701121032847,0.000781256733303,0.0367580163291
$$$2019-02-21 14:32:53.926669,1.83765814788,1.06217536984,1.51367351978,0.002700558063,0.00858421736767,-0.0527141868546,1.87028705848,1.0674537137,1.57079632679,0.0167904115595,0.014771684732,0.0,0.00578171729278,-0.00171535471897,0.0,0.00105402148887,0.00264363310264,-0.0130852200727,0.00587021953915,-0.00138246852685,0.0,-0.000827938775732,0.000839193199263,0.0,0.00156916672815,-0.0071003549953,0.0502680701689,0.00687394550915,0.00370342321685,0.0548227543288
$$$2019-02-21 14:32:54.126716,1.83807903836,1.06262586679,1.50650396981,0.00253973527225,0.00408904556225,-0.043247782174,1.86736702863,1.07092743036,1.57079632679,0.017946755018,0.0144286137882,0.0,0.00578171729278,-0.00171535471897,0.0,0.000742436390855,0.0012036610372,-0.0105627340799,0.00587998026025,-0.00134034652409,0.0,-0.000672582939621,0.000734462623743,0.0,0.00223654401477,-0.00631270652773,0.0565772741463,0.00751032378414,0.00596065732671,0.044977693461
$$$2019-02-21 14:32:54.326831,1.83861141994,1.06277606891,1.50013049153,0.00183665535407,0.00124032170611,-0.0414375487526,1.86451561296,1.07463241571,1.57079632679,0.0191030984766,0.0140855428444,0.0,0.00578171729278,-0.00171535471897,0.0,0.000460111458134,0.000319701516383,-0.0100889746254,0.00588840344627,-0.00130284362818,0.0,-0.000638105160386,0.000748398707122,0.0,0.00300427030824,-0.00550052801145,0.0621859350304,0.00843659821644,0.00736261746118,0.0430950507027
$$$2019-02-21 14:32:54.526804,1.83905252145,1.0627659272,1.49539072497,0.00109149367842,-0.000222693926006,-0.0349195916042,1.86173281149,1.07856866975,1.57079632679,0.0202594419351,0.0137424719006,0.0,0.00578171729278,-0.00171535471897,0.0,0.000234924929943,-0.00010901239446,-0.00840603935361,0.00589451245531,-0.00127491944049,0.0,-0.000531813110234,0.000669289633723,0.0,0.0038426161959,-0.00471357789922,0.0663569296074,0.00939905214935,0.00803521812614,0.0363163752683
$$$2019-02-21 14:32:54.726624,1.83934415515,1.06627629264,1.49456307784,0.00811541342853,-0.000237737287365,-0.0159175178401,1.8590186242,1.08273619248,1.57079632679,0.0214157853937,0.0133994009568,0.0,0.00578171729278,-0.00171535471897,0.0,0.00181415914968,-0.000204867038681,-0.00370420405355,0.00589556561974,-0.00127004042806,0.0,-0.000238627444779,0.000323652414368,0.0,0.00394030801345,-0.00404002520764,0.0670852590827,0.00635319480793,0.00791920260797,0.0165542185537
$$$2019-02-21 14:32:54.926818,1.84308879398,1.07780922908,1.49417268822,0.0296883117691,-0.00631415754818,-0.0082692724761,1.85637305111,1.08713498391,1.57079632679,0.0225721288522,0.013056330013,0.0,0.00578171729278,-0.00171535471897,0.0,0.00674912927872,-0.00228414849021,-0.00189769179133,0.00589606098107,-0.00126773876374,0.0,-0.000121937761072,0.000177842727071,0.0,0.00226936247796,-0.00275690905885,0.0674288019461,-0.00425456610596,0.0109512233893,0.00860004337515
$$$2019-02-21 14:32:55.126774,1.84820529946,1.09490099527,1.49620954394,0.0541052986774,-0.0117386753735,0.0102919028675,1.8537960922,1.09176504402,1.57079632679,0.0237284723108,0.0127132590692,0.0,0.00578171729278,-0.00171535471897,0.0,0.0128269989207,-0.00328030053663,0.00237063788875,0.00589346655118,-0.00127974555116,0.0,0.000148677880854,-0.000233781991807,0.0,-0.000596336319792,-0.00127796511412,0.0656363689157,-0.0163228836589,0.0136160843482,-0.0107035789822
$$$2019-02-21 14:32:55.326809,1.85233870088,1.1084964352,1.50181667856,0.0605738539628,-0.0132656766712,0.0355831227571,1.85128774748,1.09662637283,1.57079632679,0.0248848157694,0.0123701881254,0.0,0.00578171729278,-0.00171535471897,0.0,0.0147895818317,-0.00219586729764,0.00857572483534,0.00588619823826,-0.00131277072084,0.0,0.000500154765649,-0.000853034955416,0.0,-0.00262113950276,5.06683141104e-05,0.0607020904464,-0.0190324330484,0.0142072483728,-0.0370064476674
$$$2019-02-21 14:32:55.526630,1.85652817047,1.12285241202,1.50627503904,0.0658825004848,-0.0142646711929,0.0321028702183,1.84884801695,1.10171897033,1.57079632679,0.0260411592279,0.0120271171816,0.0,0.00578171729278,-0.00171535471897,0.0,0.0161126289071,-0.00257447509518,0.00768985027564,0.00588028695272,-0.00133900038058,0.0,0.000439203702241,-0.000809361724987,0.0,-0.0047486246219,0.00138634360656,0.0567787332216,-0.0211489168104,0.0145318192348,-0.0333869850271
$$$2019-02-21 14:32:55.726817,1.85979617619,1.13384137094,1.51076182382,0.0616264197862,-0.0135082725681,0.0334275736882,1.84647690061,1.10704283652,1.57079632679,0.0271975026865,0.0116840462378,0.0,0.00578171729278,-0.00171535471897,0.0,0.0150331621887,-0.00237324974248,0.00802584036482,0.00587421997773,-0.00136537039619,0.0,0.000444413074319,-0.000884075118243,0.0,-0.00606086622278,0.00257123021248,0.0528303626199,-0.0182930481961,0.0139376003434,-0.0347646766357
$$$2019-02-21 14:32:55.926800,1.86220121194,1.14569917731,1.51700888172,0.0608701213571,-0.0112748692872,0.0380111666272,1.84417439845,1.1125979714,1.57079632679,0.028353846145,0.0113409752941,0.0,0.0030433586631,-0.00300540703297,0.0,0.0148203928178,-0.00136792630163,0.00919981639179,0.00320053260107,-0.00283744505772,0.0,0.000488402427873,-0.00105302840198,0.0,-0.00748494644727,0.00356865789581,0.047332951666,-0.0172468339809,0.0125443702757,-0.0395316132923
$$$2019-02-21 14:32:56.126857,1.86295666962,1.15043376589,1.52130835033,0.0450915336368,-0.00754082493625,0.0298695738442,1.84196631153,1.11832960781,1.57079632679,0.0289625178776,0.0107398938875,0.0,0.0030433586631,-0.00300540703297,0.0,0.0107189003766,-0.00109467655912,0.00712676081972,0.00318830355112,-0.00285117937914,0.0,0.000363197789402,-0.000848169875873,0.0,-0.00728270399934,0.00426283849354,0.0435494192849,-0.00868179139846,0.0102441464438,-0.0310643567979
$$$2019-02-21 14:32:56.326841,1.86287625154,1.15109002879,1.523356796,0.0272759239385,-0.00412063062412,0.0192043707909,1.8398784409,1.12418297856,1.57079632679,0.0295711896103,0.0101388124809,0.0,0.0030433586631,-0.00300540703297,0.0,0.00631232317943,-0.000799924119403,0.00449571407225,0.00318245637989,-0.00285770445921,0.0,0.000221421077712,-0.000558023718431,0.0,-0.0061528224577,0.00477311075791,0.0417467870966,0.000926222272409,0.00813818394149,-0.0199725456226
$$$2019-02-21 14:32:56.526816,1.86547639592,1.16127969656,1.52628839192,0.0375742610268,-0.00683688437822,0.0134118065005,1.83791078654,1.13015808365,1.57079632679,0.0301798613429,0.00953773107427,0.0,0.0030433586631,-0.00300540703297,0.0,0.00876942315349,-0.00170612433049,0.00310692221176,0.00317406508177,-0.00286702184206,0.0,0.000145800896282,-0.00039867411885,0.0,-0.00710980072936,0.00575379404807,0.0391669826931,-0.00408129894406,0.00920814437954,-0.0139482787605
$$$2019-02-21 14:32:56.726869,1.86796758284,1.17307290656,1.52698138347,0.046867972308,-0.00808553204226,0.00289295236636,1.83606334847,1.13625492309,1.57079632679,0.0307885330755,0.00893664966768,0.0,0.0030433586631,-0.00300540703297,0.0,0.0109500686167,-0.00248557490956,0.000657336515218,0.00317207749784,-0.00286922075376,0.0,2.97298277692e-05,-8.78518789401e-05,0.0,-0.00839961836453,0.00665740975823,0.0385571501216,-0.00858021900576,0.00954832905987,-0.00300867046102
$$$2019-02-21 14:32:56.926825,1.87149008038,1.18871976268,1.52674109529,0.0604763891028,-0.0107232808931,-0.00726475855823,1.83433612668,1.14247349688,1.57079632679,0.0313972048081,0.00833556826108,0.0,0.0030433586631,-0.00300540703297,0.0,0.0142152201751,-0.00393652852843,-0.00166409137568,0.00317276684609,-0.0028684584582,0.0,-7.05425796689e-05,0.000225204858443,0.0,-0.0105242919798,0.00771785810512,0.0387686037217,-0.0153279125075,0.0106254330495,0.00755534890056
$$$2019-02-21 14:32:57.126815,1.87287286279,1.20058843728,1.52258086327,0.0600792908332,-0.00801411972622,-0.0232805889474,1.83272912116,1.14881380502,1.57079632679,0.0320058765408,0.00773448685449,0.0,0.0030433586631,-0.00300540703297,0.0,0.0140070793065,-0.00399626938306,-0.00548996852315,0.00318467280807,-0.00285523422711,0.0,-0.000215766328819,0.000735571249414,0.0,-0.0118028376703,0.00827237799867,0.0424296079028,-0.0148113612434,0.00898674314303,0.0242118125053
$$$2019-02-21 14:32:57.326739,1.87531947538,1.21101667012,1.51792163526,0.0569008678518,-0.00877327032093,-0.027808740134,1.83124233193,1.1552758475,1.57079632679,0.0326145482734,0.0071334054479,0.0,0.0030433586631,-0.00300540703297,0.0,0.0131561895689,-0.00443091557985,-0.00661088685622,0.00319794138019,-0.00284036517282,0.0,-0.000246027177063,0.000895218050819,0.0,-0.0127583284658,0.00903532039211,0.0465297285476,-0.0128486283286,0.00916260139706,0.0289210897394
$$$2019-02-21 14:32:57.526694,1.87667349188,1.21823907705,1.51361092965,0.0481697805855,-0.0071306954928,-0.0274706077038,1.82987575898,1.16185962433,1.57079632679,0.033223220006,0.0065323240413,0.0,0.0030433586631,-0.00300540703297,0.0,0.0110490609174,-0.00362984167352,-0.00652658662015,0.00321015560804,-0.00282655344161,0.0,-0.000231316080687,0.000900914019355,0.0,-0.0129716358767,0.00956976042313,0.0503231494873,-0.00799459364123,0.0080866184102,0.028569432012
$$$2019-02-21 14:32:57.726821,1.87736506667,1.22701730829,1.51175740223,0.0463930252424,-0.00453114894049,-0.0137986810086,1.82862940232,1.1685651355,1.57079632679,0.0338318917386,0.00593124263471,0.0,0.0030433586631,-0.00300540703297,0.0,0.0107482366898,-0.00209715705348,-0.00319879510504,0.00321538918499,-0.00282059847819,0.0,-0.000109246186447,0.000461192983339,0.0,-0.0134697116568,0.0099443967994,0.0519542536128,-0.00674442563777,0.00647311390773,0.0143506282489
$$$2019-02-21 14:32:57.926730,1.87713579676,1.23519845711,1.51186456667,0.0439938358104,-0.00107025968682,0.00211893311487,1.82750326193,1.17539238102,1.57079632679,0.0344405634712,0.00533016122812,0.0,0.0030433586631,-0.00300540703297,0.0,0.0102290990045,-0.000248183701358,0.000480772265321,0.0032150868987,-0.00282094303734,0.0,1.55728375125e-05,-7.21853587076e-05,0.0,-0.0137776087287,0.0101252660131,0.0518599489141,-0.00516203700847,0.00437821088413,-0.00220369043946
$$$2019-02-21 14:32:58.126805,1.87764861656,1.24100503841,1.51595523394,0.0376601299184,-0.000959767276463,0.0219831340439,1.82649733783,1.18234136089,1.57079632679,0.0350492352039,0.00472907982152,0.0,0.0030433586631,-0.00300540703297,0.0,0.00871941975584,0.000521808543926,0.00517197826943,0.00320352049162,-0.00283407124926,0.0,0.000146037150592,-0.000763635258676,0.0,-0.0135034391592,0.0105289382714,0.0482601617096,-0.00151985886803,0.00395351446855,-0.0228624594056
$$$2019-02-21 14:32:58.326875,1.87660950988,1.24880707362,1.52377306486,0.0380703474452,0.0025662287463,0.0392909666068,1.82561163,1.1894120751,1.57079632679,0.0356579069365,0.00412799841493,0.0,0.0030433586631,-0.00300540703297,0.0,0.00869591680362,0.00231726473667,0.00953077050313,0.00318126653082,-0.00285902896907,0.0,0.000227870656131,-0.00139186090657,0.0,-0.0135798403136,0.0105929097857,0.0413804705004,-0.00137586634657,0.00168133672306,-0.0408626052711
$$$2019-02-21 14:32:58.526622,1.8755864799,1.25468584983,1.53253243253,0.0342429035184,0.00423817997144,0.0465413237723,1.82484613846,1.19660452366,1.57079632679,0.0362665786691,0.00352691700834,0.0,0.00030500082501,-0.00429545662837,0.0,0.00768424011712,0.00295558195079,0.0114317813575,0.000469098366194,-0.00428064479633,0.0,0.000228596895572,-0.0016803797002,0.0,-0.0131955695293,0.0106658915901,0.0336722269566,0.000968348329641,0.000350229024937,-0.0484029767232
$$$2019-02-21 14:32:58.726806,1.87440396692,1.2612287945,1.53678443022,0.0334625793122,0.00550605992626,0.0261060583538,1.82422666419,1.20386393941,1.57079632679,0.0363275788341,0.00266782568266,0.0,0.00030500082501,-0.00429545662837,0.0,0.00755199710596,0.00264802351336,0.00618736882141,0.000450892888693,-0.00428260069962,0.0,0.000101855773119,-0.000945453054398,0.0,-0.0129883543673,0.0106034657028,0.0299304689817,0.00143169998011,-0.000834311675286,-0.027150300688
$$$2019-02-21 14:32:58.926707,1.87261729688,1.26529738778,1.53838679639,0.0277214410311,0.00726119196313,0.014000638465,1.82377900819,1.2111355552,1.57079632679,0.0363885789991,0.00180873435699,0.0,0.00030500082501,-0.00429545662837,0.0,0.00623624736747,0.00273761922628,0.00324680503199,0.0004440300183,-0.00428331769687,0.0,4.18187145629e-05,-0.000508375220792,0.0,-0.0122575065372,0.0103526696549,0.0285203867525,0.00446649777394,-0.00222262411285,-0.0145606640035
$$$2019-02-21 14:32:59.126589,1.86994448872,1.27095597754,1.53848405549,0.0277575945825,0.0102348399656,-0.00059574799438,1.82350317045,1.21841937101,1.57079632679,0.0364495791641,0.000949643031313,0.0,0.00030500082501,-0.00429545662837,0.0,0.00635250813759,0.00331765361212,-0.000134788714669,0.000443613424606,-0.00428336086257,0.0,-1.26698385762e-06,2.16851512431e-05,0.0,-0.0118821001178,0.00983835476665,0.0284347987505,0.00449398469647,-0.00421622702305,0.000619577914156
$$$2019-02-21 14:32:59.326789,1.86743351195,1.27503773575,1.53597304083,0.0244482874129,0.0114835893279,-0.0143030246651,1.82339915097,1.22571538686,1.57079632679,0.0365105793291,9.05517056382e-05,0.0,0.00030500082501,-0.00429545662837,0.0,0.00573497746319,0.00340191361948,-0.00331875349051,0.00045436759668,-0.00428223344022,0.0,-1.94758308287e-05,0.000521850022997,0.0,-0.0111816226505,0.0093038979335,0.0306444916494,0.00625924208012,-0.00526340418618,0.0148751456517
$$$2019-02-21 14:32:59.526813,1.86601879471,1.27821213824,1.53160912865,0.0206910364763,0.00982341823969,-0.0260536085416,1.82346694977,1.23302360274,1.57079632679,0.0365715794941,-0.000768539620036,0.0,0.00030500082501,-0.00429545662837,0.0,0.004952236717,0.0026580969334,-0.00617436149185,0.000473050501615,-0.00428020985144,0.0,-1.7320995647e-05,0.000952874569167,0.0,-0.0103005989222,0.0089647399891,0.0344847343678,0.00825893925572,-0.00476247037377,0.0270957528832
$$$2019-02-21 14:32:59.726770,1.86438538489,1.28157516879,1.52536008641,0.0188985457707,0.00938799661334,-0.0339464027931,1.82370656682,1.24034401866,1.57079632679,0.0366325796591,-0.00162763094571,0.0,0.00030500082501,-0.00429545662837,0.0,0.00460016574022,0.00241089832369,-0.00815783651058,0.000499788303284,-0.00427717018616,0.0,-1.2873462965e-06,0.00124477049581,0.0,-0.00946797593741,0.00852810015809,0.0399838915389,0.0092404807462,-0.00486203832699,0.0353042589049
$$$2019-02-21 14:32:59.926806,1.86316941911,1.28487846974,1.51645997537,0.0177534938699,0.00829378155613,-0.046029288782,1.82411800214,1.24767663461,1.57079632679,0.0366935798241,-0.00248672227138,0.0,0.00030500082501,-0.00429545662837,0.0,0.0043990342861,0.00187276844278,-0.0112960731258,0.000537835295825,-0.00427255267306,0.0,2.25653030929e-05,0.00169270308179,0.0,-0.00863891558115,0.0081341403519,0.0478159892518,0.00989091190719,-0.00456769013099,0.0478704603333
$$$2019-02-21 14:33:00.126717,1.86068683438,1.28970094755,1.50877453324,0.0201616810591,0.0105803926441,-0.0382478768771,1.82470125573,1.25502145059,1.57079632679,0.0367545799891,-0.00334581359706,0.0,0.00030500082501,-0.00429545662837,0.0,0.00497831611012,0.00267832255652,-0.00926092514032,0.000570655545103,-0.00426829303098,0.0,4.05908160456e-05,0.0014110135567,0.0,-0.00810552093493,0.00742871404494,0.0545791783325,0.00869939717876,-0.00605365766506,0.0397777919522
$$$2019-02-21 14:33:00.326822,1.85773445469,1.29483912215,1.50275085313,0.022113157666,0.0130033033187,-0.0318165537693,1.82545632758,1.2623784666,1.57079632679,0.0368155801541,-0.00420490492273,0.0,0.00030500082501,-0.00429545662837,0.0,0.00544021017206,0.0035591256671,-0.00761742514949,0.000596355868433,-0.00426477816864,0.0,5.38327531078e-05,0.00117773063894,0.0,-0.00760764861874,0.00659919315349,0.0598800168268,0.00774962648989,-0.00764154373765,0.03308921592
$$$2019-02-21 14:33:00.526888,1.85368372247,1.30335337693,1.49758491017,0.0302102032291,0.0172350890377,-0.0294914078109,1.8263832177,1.26974768265,1.57079632679,0.0368765803191,-0.00506399624841,0.0,0.00030500082501,-0.00429545662837,0.0,0.00743290375395,0.00481293112184,-0.00703182884515,0.000618379413751,-0.00426164053507,0.0,6.93949182013e-05,0.00109555295412,0.0,-0.00781277119638,0.00544923501604,0.064426046632,0.00360776252581,-0.0101858351393,0.0306710641233
$$$2019-02-21 14:33:00.726798,1.85057410978,1.30985318265,1.49452811269,0.0306740521305,0.0174680102124,-0.0213623118849,1.82748192608,1.27712909873,1.57079632679,0.0369375804841,-0.00592308757408,0.0,0.00030500082501,-0.00429545662837,0.0,0.00740744541551,0.00512869683727,-0.00502032459322,0.000631403476418,-0.00425973036699,0.0,6.60402236162e-05,0.000796419202033,0.0,-0.00756545841137,0.00451696650796,0.0671160284094,0.00343587706669,-0.0106909121184,0.0222168043603
$$$2019-02-21 14:33:00.926823,1.84692480091,1.31579848836,1.49223861188,0.0296551935162,0.0187086504371,-0.0165530235235,1.82875245273,1.28452271484,1.57079632679,0.0369985806491,-0.00678217889976,0.0,0.00030500082501,-0.00429545662837,0.0,0.00710320909406,0.00572104451129,-0.00385653020757,0.000641154469201,-0.00425827360513,0.0,6.38570427864e-05,0.000619359830606,0.0,-0.00717319395683,0.00344561280724,0.0691307891275,0.00403599327756,-0.0117345161733,0.0172151444644
$$$2019-02-21 14:33:01.126753,1.84445888021,1.32439219301,1.49109957941,0.0348387043123,0.017386359372,-0.00677105080913,1.83019479764,1.29192853099,1.57079632679,0.0370595808141,-0.00764127022543,0.0,-0.00259960243729,-0.0059177882365,0.0,0.00814123481788,0.00551998503664,-0.00154959121719,-0.00212022165665,-0.00610596516291,0.0,3.15978776398e-05,0.000254254919631,0.0,-0.00736916771664,0.00255954524707,0.0701331377011,0.00141002441505,-0.0114675459337,0.00704189284149
$$$2019-02-21 14:33:01.328069,1.84330921023,1.32975725048,1.49181839087,0.0311837335799,0.0133326717011,0.00273653512554,1.83184140745,1.29928845511,1.57079632679,0.0365396603267,-0.00882482787273,0.0,-0.00259960243729,-0.0059177882365,0.0,0.00711842804767,0.00445924513717,0.000621614891322,-0.00212461014628,-0.00610443954597,0.0,-1.61852147177e-05,-0.000101585666729,0.0,-0.00688128806585,0.00198620275491,0.0695005836134,0.0030879004004,-0.0100085250505,-0.00284599653057
$$$2019-02-21 14:33:01.526642,1.84165427467,1.33518110461,1.4945586242,0.0291243737895,0.0120917013873,0.0163367158312,1.83372472879,1.30654439512,1.57079632679,0.0360197398392,-0.01000838552,0.0,-0.00259960243729,-0.0059177882365,0.0,0.00647074269368,0.00443149773458,0.00380464456728,-0.00214132973732,-0.00609859470699,0.0,-0.000118211028606,-0.000599188117358,0.0,-0.00641464422545,0.00125959467329,0.067089178285,0.00392756905007,-0.0100503586584,-0.0169901844645
$$$2019-02-21 14:33:01.726732,1.83987369329,1.33898223161,1.49924249188,0.0244886441279,0.0113561474779,0.028818342587,1.83584476166,1.31369635104,1.57079632679,0.0354998193518,-0.0111919431673,0.0,-0.00259960243729,-0.0059177882365,0.0,0.0052528903766,0.00441461572568,0.00686316595452,-0.00216987115467,-0.00608849814126,0.0,-0.000248567515789,-0.00104348690303,0.0,-0.00561202763341,0.000486390050813,0.0629673747243,0.0060946488627,-0.0103903646963,-0.0299710762905
$$$2019-02-21 14:33:01.926719,1.83977469064,1.34550669489,1.50705914865,0.0278864924737,0.00777795696877,0.0472442398215,1.83820150606,1.32074432286,1.57079632679,0.0349798988643,-0.0123755008146,0.0,-0.00259960243729,-0.0059177882365,0.0,0.00600926441098,0.00383715929217,0.011618440273,-0.00221739608085,-0.0060713511729,0.0,-0.000478223261298,-0.00168648314727,0.0,-0.00545870464706,-1.58952893193e-06,0.0560887167712,0.00406152465226,-0.00930816546103,-0.0491340094143
$$$2019-02-21 14:33:02.126814,1.84062166665,1.35137001866,1.51597580858,0.0285884019791,0.00352682715229,0.0553283342187,1.84079496199,1.32768831059,1.57079632679,0.0344599783768,-0.0135590584619,0.0,-0.00259960243729,-0.0059177882365,0.0,0.00634682398753,0.00271318333731,0.0137951219335,-0.00227144338874,-0.00605133831278,0.0,-0.000644603937726,-0.0019448547191,0.0,-0.00520006001037,-0.000323538234901,0.0482420560318,0.00341263032166,-0.00789222120851,-0.0575414675875
$$$2019-02-21 14:33:02.326837,1.84278056383,1.35973649589,1.52405453614,0.0344709404298,-0.00148465473061,0.0496284447645,1.84362512944,1.33452831421,1.57079632679,0.0339400578894,-0.0147426161092,0.0,-0.00259960243729,-0.0059177882365,0.0,0.00800950884513,0.00123669202216,0.0122546682496,-0.00232025584718,-0.00603279066831,0.0,-0.000652151152601,-0.00171673892227,0.0,-0.00553106118333,-0.0004447277395,0.0411327757736,6.2864649142e-05,-0.00606112937908,-0.0516135825551
$$$2019-02-21 14:33:02.526783,1.8449528291,1.36445669934,1.53327059734,0.030069093467,-0.00500265687908,0.050311948891,1.84669200843,1.34126433374,1.57079632679,0.0334201374019,-0.0159261737565,0.0,-0.00259960243729,-0.0059177882365,0.0,0.0071429664912,-9.7517878053e-05,0.0124379463706,-0.00237575509243,-0.00601115115305,0.0,-0.000737630571199,-0.00171030994531,0.0,-0.00508437365372,-0.000573773447884,0.0330226419215,0.00204100880796,-0.00502241168628,-0.0523244268466
$$$2019-02-21 14:33:02.726841,1.84935640107,1.37375729098,1.53918143926,0.0374304918437,-0.0114298575005,0.0309070094586,1.84999559895,1.34789636917,1.57079632679,0.0329002169145,-0.0171097314038,0.0,-0.00259960243729,-0.0059177882365,0.0,0.00899652027735,-0.00257672558582,0.00738781020929,-0.00241124434778,-0.00599700351336,0.0,-0.000496404220404,-0.00103305469143,0.0,-0.00568211469535,-0.000320393128775,0.0278211010272,-0.00208305933251,-0.00240830752301,-0.032143289837
$$$2019-02-21 14:33:02.926882,1.8543395394,1.38614537185,1.54367340487,0.0481707957829,-0.0163137584195,0.0174314200442,1.85353590099,1.35442442051,1.57079632679,0.032380296427,-0.0182932890511,0.0,-0.00259960243729,-0.0059177882365,0.0,0.0115295659398,-0.00454816213275,0.00406763633247,-0.002438158264,-0.00598611182018,0.0,-0.000303453483648,-0.0005728747898,0.0,-0.00698083729209,-1.25216454686e-05,0.0238681712947,-0.0079592772151,-0.000569224091148,-0.018128676846
$$$2019-02-21 14:33:03.126717,1.85824384294,1.39498199859,1.54526918421,0.0466642360951,-0.0172024973478,0.00371933170444,1.85731291457,1.36084848774,1.57079632679,0.0318603759396,-0.0194768466984,0.0,-0.00259960243729,-0.0059177882365,0.0,0.0109409218746,-0.00551911209743,0.00084640252193,-0.00244770766913,-0.00598221343739,0.0,-6.93926320388e-05,-0.000120309706462,0.0,-0.0075121533324,1.30655150905e-05,0.0224638854738,-0.00744489512678,-0.000756489637804,-0.00386810497262
$$$2019-02-21 14:33:03.326835,1.86167019081,1.40110842746,1.54114966192,0.0399902025315,-0.01689108241,-0.0269483491909,1.86132663967,1.36716857088,1.57079632679,0.0313404554521,-0.0206604043457,0.0,-0.00259960243729,-0.0059177882365,0.0,0.00880325263354,-0.00666339812265,-0.00639657116026,-0.00242304310791,-0.00599224603477,0.0,0.000531484011008,0.000860706177895,0.0,-0.00746572772727,-0.00014578431769,0.0260890650864,-0.00418657026271,-0.00147224441113,0.0280262831585
$$$2019-02-21 14:33:03.526835,1.86571244299,1.40691433475,1.53310215953,0.0355531348437,-0.0179403529157,-0.0430992987417,1.8655770763,1.37338466993,1.57079632679,0.0308205349646,-0.021843961993,0.0,-0.00259960243729,-0.0059177882365,0.0,0.00742081259998,-0.0074789481839,-0.0105237701617,-0.00237474255359,-0.00601155123476,0.0,0.000890731742771,0.00136287899359,0.0,-0.00737240870378,-0.0002482266578,0.0331708671952,-0.00204427495148,-0.00141783881654,0.0448232706914
$$$2019-02-21 14:33:03.726749,1.87191563435,1.41515061927,1.52255370634,0.038379353659,-0.0228713830573,-0.0574027465533,1.87006422447,1.37949678487,1.57079632679,0.0303006144772,-0.0230275196403,0.0,-0.00419265853678,-0.00650492101905,0.0,0.00755805980511,-0.00986758697032,-0.0143625539801,-0.00387408786616,-0.00669953925844,0.0,0.00123642727371,0.00180105929208,0.0,-0.00785435974134,2.85754841655e-05,0.0424535060036,-0.0036418280026,0.000692571813046,0.0596988564155
$$$2019-02-21 14:33:03.926708,1.87783776706,1.42075124581,1.51068246909,0.034494303993,-0.0251692191218,-0.0673724127956,1.87479982682,1.38547305459,1.57079632679,0.0294620827698,-0.0243285038441,0.0,-0.00419265853678,-0.00650492101905,0.0,0.00624568522181,-0.0108012755649,-0.0171402793057,-0.00379428493702,-0.0067450563294,0.0,0.00151685931778,0.00207981772096,0.0,-0.00778733576949,0.000200864771598,0.0529001947794,-0.00188439620085,0.00138042978588,0.0700673093074
$$$2019-02-21 14:33:04.126792,1.88579939512,1.42713849411,1.49838469371,0.034292064557,-0.0305954820855,-0.0703408960831,1.87979562601,1.39128161798,1.57079632679,0.0286235510625,-0.025629488048,0.0,-0.00419265853678,-0.00650492101905,0.0,0.0057410891225,-0.0128398507151,-0.0179835473436,-0.00371105092887,-0.00679120637836,0.0,0.00165241012017,0.00213855966742,0.0,-0.00796340013245,0.000746646843026,0.0637222371168,-0.00202242147307,0.00369409315909,0.0731545319264
$$$2019-02-21 14:33:04.326814,1.89753628038,1.43560791839,1.48805508328,0.039313875307,-0.0412562343611,-0.0585716886501,1.88505162204,1.39692247502,1.57079632679,0.0277850193551,-0.0269304722518,0.0,-0.00419265853678,-0.00650492101905,0.0,0.00667914866825,-0.0166890996859,-0.0146839036663,-0.0036407036758,-0.00682917709648,0.0,0.00143746612006,0.0017522120735,0.0,-0.00870868115284,0.00203383759816,0.0728122942894,-0.00488705997244,0.0086914042008,0.0609145561961
$$$2019-02-21 14:33:04.526863,1.90855665675,1.4452961021,1.48212574509,0.0449873001429,-0.0454113888641,-0.0322315022556,1.89056781491,1.40239562572,1.57079632679,0.0269464876478,-0.0282314564556,0.0,-0.00419265853678,-0.00650492101905,0.0,0.00900462044366,-0.017424904842,-0.00772241087812,-0.00360014741448,-0.00685064388683,0.0,0.000829455590623,0.000945693053764,0.0,-0.00975148385859,0.003106211338,0.0780301118971,-0.00813626086362,0.0102320790764,0.0335207623458
$$$2019-02-21 14:33:04.726824,1.92144985716,1.45527621513,1.47964204377,0.0493906828744,-0.0515052693454,-0.00969297624666,1.89634420462,1.40770107008,1.57079632679,0.0261079559404,-0.0295324406594,0.0,-0.00419265853678,-0.00650492101905,0.0,0.0110449193292,-0.0188294596753,-0.00223023294436,-0.00358312137444,-0.00685956443851,0.0,0.000262032881854,0.000278070611267,0.0,-0.0109258486349,0.0045475643262,0.0802157690624,-0.0107654750985,0.0127254376277,0.0100806952965
$$$2019-02-21 14:33:04.926851,1.92986135719,1.4595958812,1.48130217543,0.0391812461654,-0.0465001107474,0.0111203241334,1.90238079117,1.4128388081,1.57079632679,0.025269424233,-0.0308334248632,0.0,-0.00419265853678,-0.00650492101905,0.0,0.00958078362412,-0.015959618574,0.00256534135458,-0.00359450421171,-0.0068536065354,0.0,-0.000316390831094,-0.000310524231333,0.0,-0.0107857250469,0.00510217172206,0.0787548532011,-0.00585375396676,0.00938523414683,-0.0115651370987
$$$2019-02-21 14:33:05.126738,1.93903892517,1.46175293543,1.48530312887,0.0288746006118,-0.0456900974155,0.0267278574596,1.90867757456,1.41780883977,1.57079632679,0.0244308925257,-0.032134409067,0.0,-0.00419265853678,-0.00650492101905,0.0,0.00783059357992,-0.0153106018971,0.00634174914212,-0.00362189632952,-0.00683917027484,0.0,-0.000799989157856,-0.000723939817508,0.0,-0.0102027477063,0.00582958529401,0.0752340141697,-0.000930284958226,0.00819477625486,-0.0277969717579
$$$2019-02-21 14:33:05.326817,1.94557474097,1.46300906722,1.49372762981,0.0204857937164,-0.0398416033918,0.0507542483681,1.9152345548,1.42261116511,1.57079632679,0.0235923608183,-0.0334353932708,0.0,-0.00419265853678,-0.00650492101905,0.0,0.00667085717211,-0.0128117049473,0.012556756686,-0.00367938371814,-0.00680841527265,0.0,-0.00159975934856,-0.00132451347837,0.0,-0.00937506959103,0.00597075472289,0.0678204533452,0.0029176209109,0.00432738293744,-0.0527844183028
$$$2019-02-21 14:33:05.526805,1.95722219616,1.46529810655,1.50408799455,0.0186301328123,-0.047178390364,0.0595542331148,1.92205173187,1.4272457841,1.57079632679,0.022753829111,-0.0347363774746,0.0,-0.00419265853678,-0.00650492101905,0.0,0.00702916313067,-0.0155486400239,0.0149549028917,-0.00374972265622,-0.00676993080257,0.0,-0.00197376861806,-0.00148996997988,0.0,-0.0088686643591,0.00716225713598,0.0587033323788,0.00332205919731,0.00729872893814,-0.0619364024394
$$$2019-02-21 14:33:05.726824,1.97233302353,1.46755894072,1.51685027209,0.0177894791175,-0.0588131044251,0.0704207946984,1.92912910579,1.43171269675,1.57079632679,0.0219152974036,-0.0360373616784,0.0,-0.00419265853678,-0.00650492101905,0.0,0.00816723650539,-0.0200194972073,0.0180063471489,-0.00383581468141,-0.00672152577917,0.0,-0.00245087367473,-0.00167788438381,0.0,-0.0083872025146,0.00906581320153,0.0474725281431,0.00313927536649,0.0124851157971,-0.0732376264863
$$$2019-02-21 14:33:05.926717,1.98292118439,1.46929604998,1.52751786888,0.0152037020423,-0.0560468372068,0.0635483866222,1.93646667654,1.43601190306,1.57079632679,0.0210767656963,-0.0373383458822,0.0,-0.00419265853678,-0.00650492101905,0.0,0.00699286473024,-0.0191908857308,0.016064927578,-0.00390729759708,-0.00668022518767,0.0,-0.00231262100517,-0.00144079900047,0.0,-0.00775782318951,0.00989361394878,0.0380850429693,0.00388376024823,0.0102207762198,-0.0660903220871
$$$2019-02-21 14:33:06.126808,1.99619783812,1.47044546368,1.53436290269,0.0125435022654,-0.0602783577323,0.0441815997064,1.94406444414,1.44014340303,1.57079632679,0.0202382339889,-0.038639330086,0.0,-0.00419265853678,-0.00650492101905,0.0,0.0054861595657,-0.0213133401983,0.0108082057331,-0.00395293207043,-0.0066533233137,0.0,-0.00167344449648,-0.00095574763529,0.0,-0.0070798044589,0.0112189073532,0.0320614132132,0.00472615147061,0.0116489644296,-0.0459488636947
$$$2019-02-21 14:33:06.326771,2.00545519215,1.47011657817,1.5374165384,0.00722988455256,-0.054338586941,0.02008996538,1.95192240858,1.44410719666,1.57079632679,0.0193997022815,-0.0399403142899,0.0,-0.00371798674988,-0.000990605613915,0.0,0.00270972756438,-0.019328798596,0.00471053312506,-0.00368285556702,-0.00111413635929,0.0,-0.000788945550753,-0.000416301194603,0.0,-0.00611192429622,0.0115796860329,0.0293742137836,0.00701582062185,0.00783533881025,-0.0208935639952
$$$2019-02-21 14:33:06.526742,2.01854166964,1.46988617061,1.53624967774,0.00462358727497,-0.0590355829727,-0.0047639989833,1.95993028355,1.44791277738,1.57079632679,0.0186561049316,-0.0401384354126,0.0,-0.00371798674988,-0.000990605613915,0.0,0.000750687691722,-0.0213844547091,-0.00108623454114,-0.0036815530182,-0.00111843297913,0.0,0.000188035554614,9.54293115806e-05,0.0,-0.00527663542614,0.01271984075,0.0304010511698,0.00801203449363,0.0101740469606,0.00495455894263
$$$2019-02-21 14:33:06.726787,2.02866393799,1.46986393215,1.53078360948,0.00333945016529,-0.0554117236229,-0.027967532918,1.96797778274,1.45156963863,1.57079632679,0.0179125075816,-0.0403365565354,0.0,-0.00371798674988,-0.000990605613915,0.0,-0.00080541104385,-0.0199960111547,-0.00665050896734,-0.00367538461923,-0.00113853979083,0.0,0.00110717125959,0.000545694530892,0.0,-0.00455558858168,0.0131792700265,0.0352111912356,0.00840957770184,0.0082284744961,0.0290862342347
$$$2019-02-21 14:33:06.926801,2.0437926388,1.46884190867,1.52502385425,0.000983582522747,-0.0640395287365,-0.0317008948315,1.97606490616,1.45507778041,1.57079632679,0.0171689102316,-0.0405346776582,0.0,-0.00371798674988,-0.000990605613915,0.0,-0.00181142885639,-0.0234412932776,-0.00758818826927,-0.0036687659801,-0.00115969010423,0.0,0.00125873581243,0.000602496192105,0.0,-0.00370671299399,0.0147459395535,0.0402797758409,0.00937147640456,0.0126531055273,0.0329689306247
$$$2019-02-21 14:33:07.126774,2.05624713348,1.46788440093,1.51958278072,-0.000306896868312,-0.0633135541138,-0.0315335779364,1.98419165381,1.45843720272,1.57079632679,0.0164253128816,-0.040732798781,0.0,-0.00371798674988,-0.000990605613915,0.0,-0.00206468686826,-0.0231010595992,-0.00754591298249,-0.00366240174482,-0.00117963486476,0.0,0.00125625240161,0.000583022319954,0.0,-0.00288715139628,0.0157250264026,0.0450679205479,0.00977383334937,0.0122069958677,0.0327949210539
$$$2019-02-21 14:33:07.326755,2.07105279875,1.46617507033,1.510847836,-0.00225022950961,-0.0679692892932,-0.0466630437519,1.99235802567,1.46164790556,1.57079632679,0.0156817155317,-0.0409309199038,0.0,-0.00371798674988,-0.000990605613915,0.0,-0.00367262235614,-0.0249391853553,-0.0114640741893,-0.00365195811213,-0.00121158033239,0.0,0.00186268887219,0.000844872798866,0.0,-0.00203144479074,0.0172220782296,0.0527546719012,0.0105851471719,0.0145867429591,0.048529565502
$$$2019-02-21 14:33:07.526798,2.08544178397,1.4667559221,1.49375962832,0.00172921025589,-0.069512786922,-0.0881413791432,2.00056402177,1.46470988893,1.57079632679,0.0149381181817,-0.0411290410266,0.0,-0.00371798674988,-0.000990605613915,0.0,-0.00574219112496,-0.0258446681454,-0.0231960979622,-0.00363072219798,-0.00127380582339,0.0,0.00351308732324,0.00159175630264,0.0,-0.0018858844243,0.0185830838427,0.0677922946592,0.00849155636914,0.0154207946026,0.0916670343089
$$$2019-02-21 14:33:07.726788,2.09406544616,1.46750756443,1.46933343677,0.00398820707736,-0.0580986460917,-0.132457475335,2.00880964208,1.46762315284,1.57079632679,0.0141945208317,-0.0413271621493,0.0,-0.00371798674988,-0.000990605613915,0.0,-0.00680607337491,-0.0215114042821,-0.0373341086606,-0.00359852800577,-0.00136210173861,0.0,0.00525549823717,0.00242496544397,0.0,-0.00187450381825,0.018662390123,0.0892873432215,0.007446033161,0.00957932275199,0.137755774348
$$$2019-02-21 14:33:07.926787,2.10081418188,1.4712330177,1.44727083203,0.0116752722949,-0.0469609542791,-0.122102047377,2.01709488663,1.47038769727,1.57079632679,0.0134509234817,-0.0415252832721,0.0,-0.00371798674988,-0.000990605613915,0.0,-0.00310884921554,-0.0179993927447,-0.0338821500432,-0.00356760315983,-0.00144115670507,0.0,0.0048293274748,0.00225459350116,0.0,-0.00245389486796,0.0182549919816,0.108702435394,0.00353056980941,0.00385288067344,0.126986129272
$$$2019-02-21 14:33:08.126693,2.10569898118,1.47693920358,1.42825359751,0.0201302795133,-0.035930674681,-0.103622856757,2.02541975539,1.47300352223,1.57079632679,0.0127073261318,-0.0417234043949,0.0,-0.00371798674988,-0.000990605613915,0.0,0.000843127154347,-0.0144738021507,-0.0279468522168,-0.00353955289504,-0.00150873796858,0.0,0.00409258838889,0.00191761311755,0.0,-0.00336606016785,0.0173593039337,0.125437601773,-0.000844783267546,-0.00185346753891,0.107767771027
$$$2019-02-21 14:33:08.326804,2.10927943898,1.48563868101,1.41302482319,0.0310795653166,-0.0256972068965,-0.0774198594846,2.03378424838,1.47547062772,1.57079632679,0.0119637287818,-0.0419215255177,0.0,-0.00371798674988,-0.000990605613915,0.0,0.00514077603379,-0.0110713530082,-0.0200244883123,-0.00351616712232,-0.0015624639908,0.0,0.00305972112738,0.00142466126901,0.0,-0.00481874833858,0.0160511887095,0.138838923171,-0.0065924614812,-0.00718844536097,0.080516653864
$$$2019-02-21 14:33:08.526814,2.11095781943,1.49159073725,1.40907365168,0.0309956614339,-0.0163006034803,-0.0225082328631,2.0421883656,1.47778901374,1.57079632679,0.0112201314318,-0.0421196466405,0.0,-0.00371798674988,-0.000990605613915,0.0,0.00674349078256,-0.00608100189652,-0.00530050251158,-0.00350996612843,-0.00157634473764,0.0,0.000895003696323,0.000401901881011,0.0,-0.00543285465252,0.0144429497451,0.142315954103,-0.0068327423466,-0.0122006502557,0.0234085621777
$$$2019-02-21 14:33:08.726808,2.11119153558,1.50185800269,1.41264511218,0.0394756321868,-0.00634987764671,0.0234643948654,2.05063210704,1.47995868029,1.57079632679,0.0104765340818,-0.0423177677633,0.0,-0.00371798674988,-0.000990605613915,0.0,0.00928351960901,-0.00112407658565,0.00553513190897,-0.00351557358406,-0.00156379900551,0.0,-0.000941853059308,-0.000399141807512,0.0,-0.00685601262107,0.0123980275349,0.139173068862,-0.0116818528109,-0.0175706918611,-0.02440297066
$$$2019-02-21 14:33:08.926823,2.11118997638,1.50889121505,1.42585484157,0.0374233035654,-0.00123145724057,0.0739570851476,2.05911547271,1.48197962737,1.57079632679,0.00973293673186,-0.042515888886,0.0,-0.00248714210472,0.00512055315991,0.0,0.00873260931938,0.00237474731225,0.0190208528354,-0.00320064750836,0.00470763168055,0.0,-0.00300741386771,-0.00116642474634,0.0,-0.0075131669423,0.0104811314622,0.127548506996,-0.0112588634794,-0.0205050836498,-0.0769153685535
$$$2019-02-21 14:33:09.126720,2.11131376894,1.51461908877,1.44466014261,0.0335490938426,0.000832412251125,0.104051741379,2.06751623942,1.48387647188,1.57079632679,0.00923550831091,-0.0414917782541,0.0,-0.00248714210472,0.00512055315991,0.0,0.00762970486798,0.0037562276214,0.0280813403034,-0.00311155837444,0.00476698489561,0.0,-0.00416210049718,-0.00149645998822,0.0,-0.00792180264957,0.0087080603874,0.110999842085,-0.00996694954944,-0.0212330085039,-0.108213811035
$$$2019-02-21 14:33:09.326823,2.11319368455,1.52769833938,1.44957709264,0.047329539515,0.000228404511796,0.0324318137642,2.07571218401,1.4856738307,1.57079632679,0.00873807988997,-0.0404676676221,0.0,-0.00248714210472,0.00512055315991,0.0,0.0110320232444,0.00160769970544,0.00777314347752,-0.0030880818293,0.00478222658686,0.0,-0.00126854063201,-0.000440015853448,0.0,-0.010174667855,0.00706744431342,0.106672926059,-0.017556305118,-0.0204580931308,-0.0337290863147
$$$2019-02-21 14:33:09.526733,2.11531477293,1.53794698587,1.44012612965,0.0493372706385,-0.00164613690884,-0.0420645063146,2.08370330647,1.48737170383,1.57079632679,0.00824065146903,-0.0394435569901,0.0,-0.00248714210472,0.00512055315991,0.0,0.01146181003,-0.0026011525692,-0.0102527439761,-0.00313313988916,0.00475282809993,0.0,0.00159986236117,0.000559871875228,0.0,-0.0119378707228,0.00544545778624,0.11498977349,-0.0187342636044,-0.01892145304,0.0437470865672
$$$2019-02-21 14:33:09.726679,2.1172699891,1.54310565037,1.43174487633,0.0397209759501,-0.00367802295916,-0.048476288414,2.0914896068,1.48897009129,1.57079632679,0.00774322304808,-0.0384194463581,0.0,-0.00248714210472,0.00512055315991,0.0,0.00901529337837,-0.00310587623906,-0.0119466153236,-0.00317286403536,0.00472640183709,0.0,0.00179242911533,0.00062987982408,0.0,-0.01258098524,0.00396619399998,0.122365276406,-0.0138982534837,-0.0173146249128,0.0504153399506
$$$2019-02-21 14:33:09.926910,2.11904089046,1.54408650785,1.42434435105,0.0253703398668,-0.00552617460129,-0.0448497280117,2.09907108501,1.49046899305,1.57079632679,0.00724579462714,-0.0373953357261,0.0,-0.00248714210472,0.00512055315991,0.0,0.00553848560774,-0.00291886489965,-0.0109842872806,-0.00320775468743,0.00470279176424,0.0,0.00161179379879,0.00056624097419,0.0,-0.0123106976846,0.00262496933671,0.128877738657,-0.0066274241728,-0.01581396687,0.0466437171322
$$$2019-02-21 14:33:10.126785,2.12065239375,1.54211291354,1.42093515177,0.0109018600707,-0.00710301443644,-0.0212254789043,2.10644774109,1.49186840914,1.57079632679,0.0067483662062,-0.0363712250941,0.0,-0.00248714210472,0.00512055315991,0.0,0.00229852754386,-0.00252888625064,-0.00498694291899,-0.00322376876938,0.00469182858107,0.0,0.000741958535343,0.000256891644901,0.0,-0.0113964667495,0.00143965718724,0.131877834019,0.000624584769794,-0.014483569514,0.0220744980605
$$$2019-02-21 14:33:10.326721,2.12245440342,1.53864821314,1.42343495257,-0.000459383341393,-0.00891741301686,0.00927405031772,2.11361957505,1.49316833954,1.57079632679,0.00625093778525,-0.0353471144622,0.0,-0.00248714210472,0.00512055315991,0.0,-1.93782013853e-05,-0.0029005863947,0.00213220494933,-0.00321203007212,0.00469987269278,0.0,-0.000315746208957,-0.000105475237435,0.0,-0.0101825165103,0.000453492385876,0.129678009321,0.00615292137817,-0.0130669713075,-0.00964501233043
$$$2019-02-21 14:33:10.526774,2.12468191462,1.53453394486,1.43156562172,-0.00821556653003,-0.0110752883293,0.0401684845007,2.12058658688,1.49436878425,1.57079632679,0.00575350936431,-0.0343230038302,0.0,-0.00248714210472,0.00512055315991,0.0,-0.00139569497684,-0.00394487216077,0.00975849346108,-0.00317371121371,0.00472583301064,0.0,-0.00133328769804,-0.000420211523423,0.0,-0.00887586466908,-0.000334064706937,0.122523020466,0.00971193119628,-0.0115008889176,-0.0417752238807
$$$2019-02-21 14:33:10.726818,2.12656154785,1.53044650915,1.44346388391,-0.0127410633607,-0.0115474045678,0.0672329844371,2.12734877658,1.49546974328,1.57079632679,0.00525608094336,-0.0332988931982,0.0,-0.00248714210472,0.00512055315991,0.0,-0.00209165352161,-0.00462961066552,0.0171008541114,-0.00311725869385,0.00476325925687,0.0,-0.00217578365855,-0.000634821211898,0.0,-0.00761059879427,-0.0011489516007,0.112052549739,0.0115352499713,-0.0108235108601,-0.0699223038146
$$$2019-02-21 14:33:10.926815,2.12761729919,1.52694947498,1.45829130655,-0.0143862915221,-0.00983622119507,0.0853252031648,2.13390614416,1.49647121663,1.57079632679,0.00475865252242,-0.0322747825662,0.0,-0.00248714210472,0.00512055315991,0.0,-0.00240465812309,-0.00442894637863,0.0223536365027,-0.00304629176137,0.00480895487785,0.0,-0.00269085803273,-0.000712635087349,0.0,-0.00650749863957,-0.00212757926191,0.0990044178157,0.0118239054394,-0.011284143535,-0.0887382112914
$$$2019-02-21 14:33:11.126784,2.13059546429,1.51916360616,1.47380613891,-0.0239143130567,-0.0139218101034,0.0873204655369,2.14025868961,1.49737320429,1.57079632679,0.00426122410148,-0.0312506719342,0.0,-0.00248714210472,0.00512055315991,0.0,-0.00423039111445,-0.00666145644506,0.0229498302343,-0.0029713179967,0.00485563691754,0.0,-0.00267996540447,-0.000634597601691,0.0,-0.00456548855369,-0.00258014958145,0.0853513653426,0.0162145196743,-0.00872005614243,-0.0908132841584
$$$2019-02-21 14:33:11.326734,2.1332618865,1.51344932906,1.48798827295,-0.0252050303816,-0.0148829003507,0.0850403412698,2.14640641293,1.49817570627,1.57079632679,0.00376379568053,-0.0302265613022,0.0,-0.00248714210472,0.00512055315991,0.0,-0.00448200195542,-0.0070429830615,0.0222687923385,-0.00290215820155,0.00489728682902,0.0,-0.00253519455645,-0.00053159071617,0.0,-0.00310949246441,-0.00315982018727,0.0728710873813,0.0163571574623,-0.0077629600087,-0.0884419549206
$$$2019-02-21 14:33:11.526662,2.1371214317,1.50537581247,1.50402233273,-0.0307937461508,-0.0182622001838,0.0924813054722,2.15234931413,1.49887872256,1.57079632679,0.00326636725959,-0.0292024506703,0.0,-0.00125629509984,0.0112317117963,0.0,-0.00537369291217,-0.00890550707603,0.0245074873648,-0.00200292442272,0.0111228557938,0.0,-0.0026745061834,-0.000481605969976,0.0,-0.00120263873714,-0.0034380413276,0.0587611147771,0.0187207018179,-0.00554175693759,-0.0961805576911
$$$2019-02-21 14:33:11.726823,2.1398473454,1.4992841448,1.51461542521,-0.0301702899779,-0.0171744666875,0.0639267351435,2.15796517003,1.49950687011,1.57079632679,0.00301510823962,-0.026956108311,0.0,-0.00125629509984,0.0112317117963,0.0,-0.00581727684751,-0.00761172806188,0.0161707729449,-0.00188498880962,0.0111434484985,0.0,-0.0017096742738,-0.000289202832915,0.0,0.000272737139563,-0.00397688131142,0.0494391933956,0.0180410168229,-0.00497630104867,-0.0664838045493
$$$2019-02-21 14:33:11.926790,2.14178314739,1.49600536402,1.52157085428,-0.0240374646879,-0.0143341649871,0.0443195553303,2.16313175745,1.50008476586,1.57079632679,0.00276384921965,-0.0247097659518,0.0,-0.00125629509984,0.0112317117963,0.0,-0.0048395089203,-0.00577840484252,0.0108445323373,-0.00180743637315,0.011156289751,0.0,-0.00108777196198,-0.00017623050796,0.0,0.00112748490709,-0.00464684450541,0.0433184158153,0.0145671888486,-0.00530902968192,-0.0460923375435
$$$2019-02-21 14:33:12.126874,2.14416781904,1.49430443698,1.52522771994,-0.017142227698,-0.0134329492814,0.0253731025374,2.16784907641,1.5006124098,1.57079632679,0.00251259019968,-0.0224634235925,0.0,-0.00125629509984,0.0112317117963,0.0,-0.00353565625328,-0.0048427543939,0.00600580924341,-0.00176662732601,0.0111628246937,0.0,-0.000566470991122,-8.96496325766e-05,0.0,0.00162363810105,-0.00514125227375,0.0401003740292,0.010751250822,-0.00462420405517,-0.0263880266389
$$$2019-02-21 14:33:12.326736,2.14897181002,1.49717134625,1.52102265258,-0.00325252302625,-0.0175559679573,-0.0152287774122,2.17211712689,1.50108980194,1.57079632679,0.00226133117972,-0.0202170812333,0.0,-0.00125629509984,0.0112317117963,0.0,-0.000992232624781,-0.0057646998369,-0.0035395025296,-0.00181355199822,0.011155297235,0.0,0.000305786769407,4.97127234715e-05,0.0,0.00111433403548,-0.0050427733506,0.0438008333083,0.00338879664399,-0.00131225487417,0.0158379285087
$$$2019-02-21 14:33:12.526819,2.15337960933,1.50181545887,1.51349108079,0.00843502767867,-0.0189292357451,-0.0413626274074,2.1759359089,1.50151694227,1.57079632679,0.00201007215975,-0.017970738874,0.0,-0.00125629509984,0.0112317117963,0.0,0.00110721247466,-0.0066371523779,-0.0100694263852,-0.00189751668961,0.0111413220789,0.0,0.000737334966358,0.000125578041331,0.0,0.00021864928158,-0.00495800155158,0.0504286164812,-0.00280748050715,0.000573622617823,0.0430171325037
$$$2019-02-21 14:33:12.726822,2.15501686216,1.50610397254,1.50004525488,0.014131548602,-0.013844159743,-0.0726981417101,2.17930542244,1.5018938308,1.57079632679,0.00175881313978,-0.0157243965148,0.0,-0.00125629509984,0.0112317117963,0.0,0.00217920176447,-0.00557428208436,-0.0186584728796,-0.00204714492923,0.0111148020626,0.0,0.0011312356376,0.000208353085033,0.0,-0.000546172084337,-0.00539559205525,0.0622609432833,-0.00585808376457,-0.000892612835199,0.0756060673785
$$$2019-02-21 14:33:12.926791,2.15650156289,1.50680268051,1.48559999703,0.00982764900631,-0.0109580737013,-0.074580343344,2.18222566751,1.50222046753,1.57079632679,0.00150755411981,-0.0134780541555,0.0,-0.00125629509984,0.0112317117963,0.0,0.00138820916758,-0.00430860718987,-0.0192007489803,-0.00220748194679,0.0110840719371,0.0,0.000991984668862,0.000197561713821,0.0,-0.000522861730915,-0.00572455809167,0.0749727701935,-0.00373290874849,-0.00121826256406,0.0775635570778
$$$2019-02-21 14:33:13.126661,2.15744989168,1.50703893315,1.47445076935,0.00632558022947,-0.00822738969101,-0.0615417234831,2.1846966441,1.50249685245,1.57079632679,0.00125629509984,-0.0112317117963,0.0,-0.00125629509984,0.0112317117963,0.0,0.000908006680928,-0.0030572992205,-0.0155055692258,-0.00233092102884,0.011058771831,0.0,0.000680575878084,0.000143448897418,0.0,-0.000417993828202,-0.00606261134147,0.0847840905557,-0.00207722278433,-0.00147231871278,0.0640033924225
$$$2019-02-21 14:33:13.326812,2.16028189169,1.50925339506,1.46814879876,0.00885930607672,-0.0102852468216,-0.0373650752559,2.18671835223,1.50272298557,1.57079632679,0.00100503607987,-0.008985369437,0.0,-0.00125629509984,0.0112317117963,0.0,0.00160182661826,-0.00368202314735,-0.00903326297741,-0.00240056633643,0.0110438629345,0.0,0.000330123815732,7.1757873454e-05,0.0,-0.000833175497435,-0.00593262176165,0.0903298246719,-0.00360820356394,0.000754081366447,0.0388596782662
$$$2019-02-21 14:33:13.526760,2.16459858429,1.51301570524,1.46271643565,0.0139285204938,-0.0142482319453,-0.0328113497055,2.18829079188,1.50289886688,1.57079632679,0.000753777059905,-0.00673902707775,0.0,-0.00125629509984,0.0112317117963,0.0,0.00267170854802,-0.00514092841977,-0.00786936078856,-0.00246052489396,0.0110306592957,0.0,0.00021715849178,4.84398856529e-05,0.0,-0.00165047042028,-0.00542195809104,0.0951103042058,-0.00647514688987,0.00396751491128,0.0341238036937
$$$2019-02-21 14:33:13.726657,2.16819517712,1.51609256526,1.4599585323,0.0152852868674,-0.0150942697298,-0.0216605712552,2.18941396306,1.50302449639,1.57079632679,0.000502518039937,-0.0044926847185,0.0,-0.00125629509984,0.0112317117963,0.0,0.00312293392695,-0.00530257011911,-0.00509314245605,-0.00249093699027,0.0110238314647,0.0,9.55129947789e-05,2.1582047268e-05,0.0,-0.00234098684733,-0.00495749206148,0.0975372591582,-0.00743023427706,0.00555606331484,0.0225269941054
$$$2019-02-21 14:33:13.926759,2.17211552895,1.51772727832,1.46027625762,0.0131215892149,-0.0165569448963,-0.00361816264784,2.19008786576,1.5030998741,1.57079632679,0.000251259019968,-0.00224634235925,0.0,-0.00125629509984,0.0112317117963,0.0,0.00289494671742,-0.00551861683774,-0.000823225275681,-0.00248743431418,0.011024622342,0.0,7.97777535291e-06,1.79998838491e-06,0.0,-0.00276229752607,-0.00428472394283,0.0972576608737,-0.00656453322308,0.00746305062249,0.00376288915376
$$$2019-02-21 14:33:14.126804,2.17379096714,1.51790001789,1.46436102049,0.0082855679743,-0.0129953626035,0.0166870504602,2.1903125,1.503125,1.57079632679,0.0,0.0,0.0,0.0,0.0,0.0,0.00207324614354,-0.00412174904224,0.0038886989963,0.0,0.0,0.0,0.0,0.0,0.0,-0.0028459753323,-0.00395948418076,0.0936630695516,-0.00430849534664,0.00675758855382,-0.0173545324786
$$$2019-02-21 14:33:14.327364,2.17443294307,1.51731859247,1.47197291457,0.00367047576047,-0.00894781401798,0.0382414809274,2.1903125,1.503125,1.57079632679,0.0,0.0,0.0,0.0,0.0,0.0,0.0011605630739,-0.00276603685806,0.00925927335073,0.0,0.0,0.0,0.0,0.0,0.0,-0.00276267685973,-0.00378454051362,0.0869646027608,-0.00190864739544,0.00465286328935,-0.0397711401645
$$$2019-02-21 14:33:14.526718,2.17432504877,1.51615675321,1.47978783193,-0.000381819578579,-0.00516430489951,0.0408339958847,2.1903125,1.503125,1.57079632679,0.0,0.0,0.0,0.0,0.0,0.0,0.000126042743963,-0.00167859553647,0.00993163206818,0.0,0.0,0.0,0.0,0.0,0.0,-0.00253546396487,-0.00376324349563,0.0800874754791,0.000198546180861,0.00268543854774,-0.0424673557201
$$$2019-02-21 14:33:14.726978,2.17424459252,1.51420177624,1.4908630034,-0.00437698424494,-0.00319020650175,0.0563426464701,2.1903125,1.503125,1.57079632679,0.0,0.0,0.0,0.0,0.0,0.0,-0.000796895230606,-0.00126926078503,0.0140721221424,0.0,0.0,0.0,0.0,0.0,0.0,-0.00214685118389,-0.00371823411327,0.0703413245871,0.00227603180737,0.00165890738091,-0.0585963523289
$$$2019-02-21 14:33:14.926779,2.17283313668,1.51131796969,1.50150710101,-0.00887950041997,0.000635406625331,0.0552738341772,2.1903125,1.503125,1.57079632679,0.0,0.0,0.0,0.0,0.0,0.0,-0.00202582652549,-0.000288319078711,0.0137802629913,0.0,0.0,0.0,0.0,0.0,0.0,-0.00153189248662,-0.00396102328993,0.0609745186923,0.00461734021838,-0.000330411445172,-0.0574847875442
$$$2019-02-21 14:33:15.126729,2.17163682977,1.50951972452,1.51014032035,-0.00909693760038,0.0026256346272,0.0474455099448,2.1903125,1.503125,1.57079632679,0.0,0.0,0.0,0.0,0.0,0.0,-0.00216449304632,0.000408966176334,0.0116719641713,0.0,0.0,0.0,0.0,0.0,0.0,-0.00115519084112,-0.00418637254312,0.0533772856716,0.0047304075522,-0.00136533000614,-0.0493433303426
$$$2019-02-21 14:33:15.326843,2.1701036486,1.50699476769,1.51703819599,-0.0107848938144,0.00441232292593,0.0384416821619,2.1903125,1.503125,1.57079632679,0.0,0.0,0.0,0.0,0.0,0.0,-0.00259233396329,0.00100380871984,0.00931099279509,0.0,0.0,0.0,0.0,0.0,0.0,-0.000611228301784,-0.00448526948583,0.0473071551106,0.00560814478348,-0.00229440792148,-0.0399793494484
$$$2019-02-21 14:33:15.526750,2.16844382855,1.50465345844,1.52417244727,-0.011356557181,0.00577191328845,0.0401863399171,2.1903125,1.503125,1.57079632679,0.0,0.0,0.0,0.0,0.0,0.0,-0.00278461618187,0.00140488077116,0.00976313382721,0.0,0.0,0.0,0.0,0.0,0.0,-0.000111664194948,-0.00482155161257,0.0410290139835,0.00590540973412,-0.00300139491,-0.0417937935138
$$$2019-02-21 14:33:15.726834,2.16647488582,1.50187481784,1.52792931964,-0.0126240406675,0.00719118572155,0.025546583393,2.1903125,1.503125,1.57079632679,0.0,0.0,0.0,0.0,0.0,0.0,-0.00302504044583,0.00200397606489,0.00604874104197,0.0,0.0,0.0,0.0,0.0,0.0,0.000499524945864,-0.00522767093507,0.0377229662956,0.0065645011471,-0.0037394165752,-0.0265684467287
$$$2019-02-21 14:33:15.926713,2.16586566824,1.50005982909,1.52893724228,-0.0111497116767,0.00524690654771,0.0117190265936,2.1903125,1.503125,1.57079632679,0.0,0.0,0.0,0.0,0.0,0.0,-0.00256711603536,0.00155926035177,0.00270641442604,0.0,0.0,0.0,0.0,0.0,0.0,0.000898812004219,-0.00534537287728,0.0368359943701,0.00579785007188,-0.00272839140481,-0.0121877876573
$$$2019-02-21 14:33:16.126675,2.16488718811,1.49734968132,1.52843978446,-0.0122376034152,0.00483621914982,0.000703254154296,2.1903125,1.503125,1.57079632679,0.0,0.0,0.0,0.0,0.0,0.0,-0.00275664103947,0.00154757496512,0.000159143997524,0.0,0.0,0.0,0.0,0.0,0.0,0.00150628391812,-0.00553475085469,0.0372737572567,0.0063635537759,-0.00251483395791,-0.000731384320467
$$$2019-02-21 14:33:16.326838,2.16422362786,1.49557244295,1.52448490324,-0.0108548541015,0.00401919627989,-0.0168954263839,2.1903125,1.503125,1.57079632679,0.0,0.0,0.0,0.0,0.0,0.0,-0.00237070552154,0.00147425148234,-0.00393874291873,0.0,0.0,0.0,0.0,0.0,0.0,0.00192549286688,-0.0056564762013,0.0407540527324,0.0056445241328,-0.00208998206555,0.0175712434393
$$$2019-02-21 14:33:16.526762,2.165218842,1.49466860836,1.51780956174,-0.00805311166862,9.75775304647e-05,-0.028941579892,2.1903125,1.503125,1.57079632679,0.0,0.0,0.0,0.0,0.0,0.0,-0.00180104484278,0.000264125985987,-0.00689401932076,0.0,0.0,0.0,0.0,0.0,0.0,0.00215017726335,-0.00541432597246,0.0466283532466,0.00418761806768,-5.07403158416e-05,0.0300992430877
$$$2019-02-21 14:33:16.726936,2.16683828115,1.49421762481,1.50979669786,-0.00540444216344,-0.00343800109442,-0.0379513948138,2.1903125,1.503125,1.57079632679,0.0,0.0,0.0,0.0,0.0,0.0,-0.00133768202425,-0.000897606610156,-0.00918439326685,0.0,0.0,0.0,0.0,0.0,0.0,0.00227080461276,-0.00503526087935,0.0536796734615,0.00281030992499,0.0017877605691,0.0394694506064
$$$2019-02-21 14:33:16.926914,2.1680817227,1.49453130941,1.50265449271,-0.00228057704771,-0.0045811018738,-0.0355212884911,2.1903125,1.503125,1.57079632679,0.0,0.0,0.0,0.0,0.0,0.0,-0.000670467646522,-0.0013922170936,-0.00855989620742,0.0,0.0,0.0,0.0,0.0,0.0,0.00221923253625,-0.00475069062995,0.0599648139983,0.00118590006481,0.00238217297438,0.0369421400307
$$$2019-02-21 14:33:17.126819,2.16898698796,1.49759006217,1.49578444759,0.00530310201061,-0.00414052972092,-0.0355953261909,2.1903125,1.503125,1.57079632679,0.0,0.0,0.0,0.0,0.0,0.0,0.00103705839135,-0.00151896018101,-0.00857884910905,0.0,0.0,0.0,0.0,0.0,0.0,0.00156585883929,-0.00458716419282,0.0660104536985,-0.00275761304552,0.00215307545488,0.0370191392385
$$$2019-02-21 14:33:17.326828,2.16936026469,1.49943188238,1.49010198168,0.00700819360115,-0.00288626102442,-0.0314691662749,2.1903125,1.503125,1.57079632679,0.0,0.0,0.0,0.0,0.0,0.0,0.00147725810084,-0.00114511067444,-0.00752964464138,0.0,0.0,0.0,0.0,0.0,0.0,0.00118139840485,-0.00452900049306,0.0710110236991,-0.0036442606726,0.0015008557327,0.0327279329258
$$$2019-02-21 14:33:17.527354,2.17151398405,1.50449850024,1.48518629906,0.0151041639141,-0.00539848235705,-0.0291285116916,2.1903125,1.503125,1.57079632679,0.0,0.0,0.0,0.0,0.0,0.0,0.00325111102213,-0.00217931060207,-0.00694084352284,0.0,0.0,0.0,0.0,0.0,0.0,5.25593844479e-05,-0.00414636462658,0.0753368244099,-0.00785416523534,0.00280721082567,0.0302936521592
$$$2019-02-21 14:33:17.726794,2.17323871351,1.5065730347,1.48210129031,0.0133681915936,-0.00637825899899,-0.020144626212,2.1903125,1.503125,1.57079632679,0.0,0.0,0.0,0.0,0.0,0.0,0.00288267357222,-0.00232894371418,-0.00472381389943,0.0,0.0,0.0,0.0,0.0,0.0,-0.000422863254918,-0.00380866093054,0.0780516321058,-0.00695145962869,0.00331669467947,0.0209504112604
$$$2019-02-21 14:33:17.926818,2.17310702319,1.50755875386,1.47945995116,0.00974702682203,-0.00319128385038,-0.0158272270205,2.1903125,1.503125,1.57079632679,0.0,0.0,0.0,0.0,0.0,0.0,0.00213667905044,-0.00117726621187,-0.00368258962689,0.0,0.0,0.0,0.0,0.0,0.0,-0.000626113610694,-0.00385839519152,0.0803760105549,-0.00506845394746,0.0016594676022,0.0164603161013
$$$2019-02-21 14:33:18.126724,2.17546204371,1.51067300799,1.4753591273,0.012635828023,-0.00621719046094,-0.0197155483215,2.1903125,1.503125,1.57079632679,0.0,0.0,0.0,0.0,0.0,0.0,0.00272144299223,-0.00225601651426,-0.00461962991065,0.0,0.0,0.0,0.0,0.0,0.0,-0.00134167528672,-0.00341047177064,0.0839847355588,-0.00657063057196,0.00323293903969,0.0205041702543
$$$2019-02-21 14:33:18.326806,2.17757475784,1.51332901683,1.47217462341,0.0132986574828,-0.00749836553124,-0.0145421234882,2.1903125,1.503125,1.57079632679,0.0,0.0,0.0,0.0,0.0,0.0,0.00288623885491,-0.00262094937801,-0.00337569822237,0.0,0.0,0.0,0.0,0.0,0.0,-0.00195805527264,-0.00300972191975,0.0867870989764,-0.00691530189107,0.00389915007624,0.0151238084277
$$$2019-02-21 14:33:18.526832,2.17764064225,1.51503703684,1.47121474201,0.0112678525344,-0.00408330569641,-0.0051600524592,2.1903125,1.503125,1.57079632679,0.0,0.0,0.0,0.0,0.0,0.0,0.00251142011621,-0.00136978055129,-0.0011774000996,0.0,0.0,0.0,0.0,0.0,0.0,-0.00233050921052,-0.0030345346724,0.0876317946074,-0.00585928331787,0.00212331896213,0.00536645455757
$$$2019-02-21 14:33:18.726859,2.17737766867,1.51588715356,1.47137692097,0.00821511284504,-0.00160696932925,-0.000284931078795,2.1903125,1.503125,1.57079632679,0.0,0.0,0.0,0.0,0.0,0.0,0.00184001213,-0.000515588029671,-6.44286598257e-05,0.0,0.0,0.0,0.0,0.0,0.0,-0.00251136109889,-0.00311028854075,0.0874890771223,-0.00427185867942,0.000835624051209,0.000296328321947
$$$2019-02-21 14:33:18.926779,2.1770484494,1.51749748447,1.47211128023,0.00805496731917,0.000111898193448,0.00306104187337,2.1903125,1.503125,1.57079632679,0.0,0.0,0.0,0.0,0.0,0.0,0.00180394554493,6.02718568394e-05,0.000695746782831,0.0,0.0,0.0,0.0,0.0,0.0,-0.00285905761641,-0.00321542401467,0.0868428409784,-0.00418858300597,-5.81870605929e-05,-0.00318348354831
$$$2019-02-21 14:33:19.126728,2.17677593135,1.51874399046,1.47448463596,0.00720452157675,0.000899859571287,0.0106917207698,2.1903125,1.503125,1.57079632679,0.0,0.0,0.0,0.0,0.0,0.0,0.00160272685331,0.000363962856652,0.00246453464097,0.0,0.0,0.0,0.0,0.0,0.0,-0.00313387598035,-0.00329467639407,0.084754287938,-0.00374635121991,-0.000467926977069,-0.0111193896006
$$$2019-02-21 14:33:19.326822,2.17480308337,1.51858666207,1.47765352029,0.00339561447746,0.00465607742054,0.0184577027337,2.1903125,1.503125,1.57079632679,0.0,0.0,0.0,0.0,0.0,0.0,0.000670940844064,0.00156027074045,0.00431510843724,0.0,0.0,0.0,0.0,0.0,0.0,-0.00306947043965,-0.00371365495562,0.0819656697258,-0.00176571952828,-0.00242116025868,-0.019196010843
$$$2019-02-21 14:33:19.526740,2.17188457295,1.51585646579,1.48176224688,-0.00441609187255,0.00829234343987,0.0240975854208,2.1903125,1.503125,1.57079632679,0.0,0.0,0.0,0.0,0.0,0.0,-0.00118523214905,0.00258305674016,0.00569093280597,0.0,0.0,0.0,0.0,0.0,0.0,-0.00242934797773,-0.00428713404177,0.0783499903211,0.00229636777373,-0.00431201858873,-0.0250614888376
$$$2019-02-21 14:33:19.726774,2.17006091191,1.51385515987,1.48690216619,-0.00712648517168,0.00822838337844,0.031951901552,2.1903125,1.503125,1.57079632679,0.0,0.0,0.0,0.0,0.0,0.0,-0.00185766514153,0.00244063564209,0.00765165340695,0.0,0.0,0.0,0.0,0.0,0.0,-0.00197899320162,-0.00463749096129,0.0738268613294,0.00370577228927,-0.00427875935679,-0.0332299776141
$$$2019-02-21 14:33:19.926758,2.16871741491,1.51222995235,1.49353061214,-0.00777999304805,0.00726739336913,0.0405834289565,2.1903125,1.503125,1.57079632679,0.0,0.0,0.0,0.0,0.0,0.0,-0.00203712661119,0.00203580247213,0.00986640104563,0.0,0.0,0.0,0.0,0.0,0.0,-0.0016303952867,-0.00489136049745,0.0679938288952,0.00404559638498,-0.00377904455195,-0.0422067661147
$$$2019-02-21 14:33:20.126804,2.16795429822,1.51031764769,1.50183482186,-0.00864377143608,0.00545972801042,0.0491228403928,2.1903125,1.503125,1.57079632679,0.0,0.0,0.0,0.0,0.0,0.0,-0.00220557431538,0.00133472233011,0.0121193465679,0.0,0.0,0.0,0.0,0.0,0.0,-0.00123968196806,-0.00501614988058,0.0606861243428,0.00449476114676,-0.00283905856542,-0.0510877540086
