2.888918457,0.678728952,1.56342843,-0.000107919,-0.00044835,0.001627905,2.888918457,0.678728952,1.56342843,0,0,0
2.888918457,0.678728952,1.56342843,-0.000107919,-0.00044835,0.001627905,2.888918457,0.678728952,1.56342843,0,0,0
2.88900321,0.678284858,1.564067615,-0.001005378,-0.000444843,0.002515095,2.888918457,0.678728952,1.56342843,0,0,0
2.88903661,0.678033532,1.564178762,-0.001111851,-0.000330116,-0.000113389,2.888918457,0.678728952,1.56342843,0,0,0
2.889339238,0.677326785,1.564652131,-0.002137862,-0.000843445,0.002335085,2.888918457,0.678728952,1.56342843,0,0,0
2.889502137,0.676958959,1.565002984,-0.002008603,-0.000835937,0.001845653,2.888918457,0.678728952,1.56342843,0,0,0
2.889865751,0.676821136,1.564471214,-0.001441819,-0.001256252,0.000795248,2.888918457,0.678728952,1.56342843,0,0,0
2.890046404,0.677109484,1.563606416,-0.000211978,-0.001102123,-0.001119906,2.888918457,0.678728952,1.56342843,0,0,0
2.889510493,0.677324856,1.561726799,0.000327931,0.000510144,-0.006759801,2.888918457,0.678728952,1.56342843,0,0,0
2.889463343,0.677157748,1.561050277,-0.000168096,0.000390414,-0.002239492,2.888918457,0.678728952,1.56342843,0,0,0
2.888856696,0.676453416,1.560965568,-0.001606887,0.001500672,-0.000343301,2.888918457,0.678728952,1.56342843,0,0,0
2.888521527,0.675755957,1.560680666,-0.002414139,0.00156019,-0.000255048,2.888918457,0.678728952,1.56342843,0,0,0
2.888380932,0.67540984,1.560857418,-0.002126614,0.001187513,0.00209901,2.888918457,0.678728952,1.56342843,0,0,0
2.888653033,0.67618857,1.560787464,0.000440419,0.000120365,0.000359409,2.888918457,0.678728952,1.56342843,0,0,0
2.889447733,0.676410061,1.561459724,0.000740335,-0.001616889,0.000473206,2.888918457,0.678728952,1.56342843,0,0,0
2.88931137,0.676522213,1.561084274,0.000660905,-0.000636968,-0.003919262,2.888918457,0.678728952,1.56342843,0,0,0
2.889177371,0.676263268,1.561096225,-0.000173677,-8.61E-05,0.000704304,2.970148118,0.70013925,1.570796327,0.0013925,0.001643822,0
2.889078299,0.67639051,1.560774784,0.000168815,0.000163892,-0.000965197,2.969654971,0.700557,1.570796327,0.002785,0.003287644,0
2.889316946,0.676171147,1.56089557,-0.000364698,-0.000417971,-0.00085708,2.96883306,0.70125325,1.570796327,0.0041775,0.004931466,0
2.889459618,0.675442331,1.560659646,-0.001757128,-0.000557782,-0.004282633,2.967682385,0.702228,1.570796327,0.00557,0.006575288,0
2.88952725,0.675633116,1.559699834,-0.000602214,-0.000460728,-0.004200522,2.966202945,0.70348125,1.570796327,0.006962501,0.00821911,0
2.889249126,0.676400087,1.556855032,0.00127926,0.000343846,-0.015029043,2.964394741,0.705013,1.570796327,0.008355001,0.009862932,0
2.888775674,0.676861697,1.553604203,0.001704423,0.001217119,-0.017982332,2.962257772,0.706823251,1.570796327,0.009747501,0.011506754,0
2.888515364,0.677381782,1.550152705,0.002076719,0.001270082,-0.020184181,2.95979204,0.708912001,1.570796327,0.011140001,0.013150576,0
2.888407251,0.677621829,1.547349672,0.001699121,0.000969539,-0.018980128,2.956997542,0.711279251,1.570796327,0.012532501,0.014794398,0
2.888984599,0.679478655,1.54536721,0.004949569,-0.000588443,-0.012260352,2.953874281,0.713925001,1.570796327,0.013925001,0.016438219,0
2.889349792,0.680784473,1.543862888,0.005638862,-0.001048377,-0.010310067,2.950422254,0.716849251,1.570796327,0.015317501,0.018082041,0
2.888939249,0.684349927,1.543449469,0.010800311,0.000465618,-0.002490855,2.946641464,0.720052002,1.570796327,0.016710001,0.019725863,0
2.887767803,0.686206302,1.544249727,0.010089288,0.002857648,-0.000911766,2.942531909,0.723533252,1.570796327,0.018102501,0.021369685,0
2.886503616,0.688394653,1.544844784,0.010385163,0.004440174,-0.003803193,2.93809359,0.727293002,1.570796327,0.019495002,0.023013507,0
2.885866627,0.689303701,1.544371945,0.0078697,0.00394655,-0.009349802,2.933326506,0.731331253,1.570796327,0.020887502,0.024657329,0
2.885644698,0.689466476,1.542689551,0.004858046,0.002744307,-0.015992635,2.928230658,0.735648003,1.570796327,0.022280002,0.026301151,0
2.885646423,0.689287169,1.54040448,0.002410648,0.00156235,-0.019948778,2.922903793,0.740234926,1.570796327,0.023589232,0.026967502,0
2.885140443,0.693492275,1.537873859,0.010297629,0.002213509,-0.01970809,2.917443657,0.745083696,1.570796327,0.024898461,0.027633853,0
2.884905408,0.695824755,1.537227518,0.010860764,0.001919037,-0.01015157,2.911850252,0.750194311,1.570796327,0.026207691,0.028300204,0
2.884836433,0.696809591,1.539110608,0.008329393,0.001314074,0.003075388,2.906123576,0.755566772,1.570796327,0.027516921,0.028966555,0
2.884849286,0.697000808,1.54260535,0.005193564,0.000736963,0.012353627,2.90026363,0.761201079,1.570796327,0.028826151,0.029632906,0
2.881907303,0.711746953,1.543413759,0.034139739,0.007661461,0.015375712,2.894270413,0.767097232,1.570796327,0.030135381,0.030299257,0
2.8799308,0.728097662,1.541309336,0.054194323,0.009972666,0.026773396,2.888143927,0.773255231,1.570796327,0.03144461,0.030965608,0
2.87840234,0.754218516,1.547275363,0.086570571,0.010756799,0.033071562,2.88188417,0.779675077,1.570796327,0.03275384,0.031631958,0
2.878952859,0.778994213,1.55303213,0.102462003,0.006404891,0.03378741,2.875491144,0.786356768,1.570796327,0.03406307,0.032298309,0
2.879207345,0.801891197,1.559376321,0.107586243,0.003946167,0.027859226,2.868964847,0.793300305,1.570796327,0.0353723,0.03296466,0
2.879460845,0.811528427,1.565226862,0.082323929,0.001832286,0.027339725,2.86230528,0.800505687,1.570796327,0.03668153,0.033631011,0
2.879671594,0.81337374,1.56763295,0.051229686,0.000499941,0.011189185,2.855512442,0.807972916,1.570796327,0.037990759,0.034297362,0
2.879840141,0.811609957,1.567907159,0.025683996,-0.000148954,0.000657743,2.848586335,0.815701991,1.570796327,0.039299989,0.034963713,0
2.8787594,0.820778406,1.566336165,0.034249073,0.002269303,-0.00920159,2.841526957,0.823692912,1.570796327,0.040609219,0.035630064,0
2.873956078,0.849341656,1.563505724,0.080399711,0.011697784,-0.019211051,2.834334309,0.831945679,1.570796327,0.041918449,0.036296415,0
2.867412948,0.876818051,1.560660325,0.104597473,0.020768368,-0.026982062,2.827008391,0.840460292,1.570796327,0.043227679,0.036962766,0
2.861097606,0.899105744,1.556922806,0.107424479,0.02562984,-0.028827727,2.81964695,0.849228423,1.570796327,0.044453638,0.036651646,0
2.855806173,0.912804851,1.552733713,0.090755708,0.026243598,-0.032381443,2.812347733,0.858241747,1.570796327,0.045679598,0.036340525,0
2.849756941,0.926543006,1.549408017,0.081177869,0.02837816,-0.02500251,2.80511074,0.867500262,1.570796327,0.046905557,0.036029405,0
2.843276875,0.938482355,1.545651001,0.071747475,0.030641623,-0.020133785,2.797935971,0.87700397,1.570796327,0.048131516,0.035718285,0
2.833622855,0.947620909,1.542263259,0.060180333,0.038621674,-0.019838022,2.790823426,0.886752869,1.570796327,0.049357476,0.035407165,0
2.820427047,0.95756203,1.540373647,0.054935589,0.050870294,-0.008633811,2.783773105,0.89674696,1.570796327,0.050583435,0.035096045,0
2.811133224,0.965061926,1.540484028,0.046893722,0.049491159,0.001389141,2.776785008,0.906986243,1.570796327,0.051809395,0.034784925,0
2.79912071,0.973700734,1.542184875,0.044538172,0.054527167,0.008240431,2.769859135,0.917470718,1.570796327,0.053035354,0.034473804,0
2.790279435,0.978191434,1.544990865,0.034612253,0.050383351,0.012659675,2.762995486,0.928200385,1.570796327,0.054261314,0.034162684,0
2.778363055,0.982165533,1.547680732,0.027687728,0.054486299,0.01234677,2.756194061,0.939175243,1.570796327,0.055487273,0.033851564,0
2.768433363,0.984997057,1.550769589,0.02144402,0.052546171,0.015302508,2.74945486,0.950395294,1.570796327,0.056713233,0.033540444,0
2.756809905,0.988603287,1.553229794,0.019487132,0.055055848,0.012464337,2.742777884,0.961860537,1.570796327,0.057939192,0.033229324,0
2.74296144,0.995564001,1.554766652,0.025429808,0.061366942,0.011087458,2.736163131,0.973570971,1.570796327,0.059165152,0.032918203,0
2.73210051,1.000341807,1.555603445,0.024395038,0.058518097,0.005044528,2.729610602,0.985526597,1.570796327,0.060391111,0.032607083,0
2.72377104,1.003967221,1.554430715,0.02145897,0.051448883,-0.005400251,2.723120298,0.997727416,1.570796327,0.061617071,0.032295963,0
2.716206633,1.007277158,1.553227856,0.019103026,0.045759911,-0.005899708,2.716692217,1.010173426,1.570796327,0.06284303,0.031984843,0
2.698691248,1.014985227,1.550239265,0.026687216,0.063835196,-0.012202597,2.710430511,1.022856301,1.570796327,0.06398572,0.030632217,0
2.685416503,1.019937731,1.545091754,0.025271023,0.065124998,-0.024661396,2.70443933,1.035767713,1.570796327,0.065128409,0.02927959,0
2.67131489,1.024236054,1.539448593,0.022904785,0.0676337,-0.029139605,2.698718675,1.048907664,1.570796327,0.066271098,0.027926964,0
2.655884207,1.032081948,1.533840438,0.028816886,0.072164424,-0.027487327,2.693268545,1.062276153,1.570796327,0.067413788,0.026574338,0
2.645448652,1.039047102,1.528254509,0.030522586,0.064173197,-0.028917425,2.68808894,1.075873179,1.570796327,0.068556477,0.025221712,0
2.63354889,1.050652293,1.522709433,0.041132496,0.063151159,-0.029184925,2.68317986,1.089698743,1.570796327,0.069699166,0.023869086,0
2.624712192,1.060684915,1.519200793,0.044054915,0.056033309,-0.021490247,2.678541306,1.103752846,1.570796327,0.070841856,0.022516459,0
2.615778858,1.072413744,1.516258024,0.049261059,0.052404924,-0.017848349,2.674173276,1.118035486,1.570796327,0.071984545,0.021163833,0
2.608325717,1.079944442,1.514771664,0.043445044,0.046794307,-0.010944593,2.670075772,1.132546664,1.570796327,0.073127234,0.019811207,0
2.599785192,1.092045042,1.51288082,0.049595382,0.046490984,-0.004854258,2.666248794,1.147286379,1.570796327,0.074269924,0.018458581,0
2.59431465,1.104288002,1.512546593,0.053740545,0.039913043,0.006789469,2.66269234,1.162254633,1.570796327,0.075412613,0.017105955,0
2.589077389,1.124449758,1.514992468,0.073014584,0.036582058,0.014781143,2.659406412,1.177451425,1.570796327,0.076555302,0.015753328,0
2.586116301,1.149924579,1.517148892,0.095691312,0.030373298,0.01190178,2.656391009,1.192876754,1.570796327,0.077697991,0.014400702,0
2.58550804,1.170043917,1.518254625,0.097641056,0.021060472,0.006745238,2.653646131,1.208530621,1.570796327,0.078840681,0.013048076,0
2.587205074,1.193490394,1.519209414,0.106096759,0.0110758,0.002423814,2.651171778,1.224413026,1.570796327,0.07998337,0.01169545,0
2.589913645,1.21223403,1.517311459,0.101067903,0.00257969,-0.013807971,2.648967951,1.240523969,1.570796327,0.081126059,0.010342823,0
2.594668492,1.239048011,1.514502358,0.115538313,-0.005691691,-0.019152405,2.647023136,1.256748204,1.570796327,0.081116287,0.009105325,0
2.597338642,1.257548158,1.511408929,0.10597101,-0.006827764,-0.021412327,2.645325821,1.272970484,1.570796327,0.081106515,0.007867827,0
2.598488616,1.264225585,1.507327425,0.075198427,-0.005546252,-0.027461728,2.643876005,1.28919081,1.570796327,0.081096743,0.006630329,0
2.606188799,1.273397504,1.50511074,0.063639812,-0.018351166,-0.018859164,2.642673689,1.305409181,1.570796327,0.081086971,0.005392831,0
2.610274872,1.276094461,1.503887168,0.042824629,-0.018846736,-0.01417771,2.641718873,1.321625598,1.570796327,0.081077198,0.004155333,0
2.611856009,1.275501977,1.50376825,0.023558828,-0.014261497,-0.008665207,2.641011556,1.337840061,1.570796327,0.081067426,0.002917835,0
2.612021456,1.27373773,1.506614509,0.009810986,-0.008789045,0.007011378,2.640551738,1.354052569,1.570796327,0.081057654,0.001680337,0
2.63306416,1.321203337,1.510755763,0.109237729,-0.043264172,0.019606192,2.640339421,1.370263122,1.570796327,0.081047882,0.000442839,0
2.653159016,1.374137612,1.514371895,0.177916841,-0.060095922,0.034703281,2.640374603,1.386471721,1.570796327,0.08103811,-0.000794659,0
2.665280746,1.42362387,1.522200177,0.208800094,-0.053953888,0.046064261,2.640657284,1.402678366,1.570796327,0.081028338,-0.002032157,0
2.672973617,1.463731591,1.528759901,0.206038814,-0.042517148,0.050629149,2.641187466,1.418883056,1.570796327,0.081018565,-0.003269655,0
2.679514933,1.493476335,1.534795492,0.182251922,-0.035105801,0.050662096,2.641965146,1.435085792,1.570796327,0.081008793,-0.004507153,0
2.684657476,1.511954937,1.544077085,0.144348992,-0.029836239,0.049736187,2.642990327,1.451286574,1.570796327,0.080999021,-0.005744651,0
2.689066462,1.524151435,1.554594479,0.109039528,-0.02619776,0.045640637,2.644263007,1.467485401,1.570796327,0.080989249,-0.006982149,0
2.690383848,1.526251895,1.562049354,0.067079205,-0.018105553,0.032589927,2.645783186,1.483682273,1.570796327,0.080979477,-0.008219647,0
2.6901685,1.523736799,1.567677675,0.033133252,-0.01018533,0.025214768,2.647550866,1.499877191,1.570796327,0.080969704,-0.009457145,0
2.689404633,1.519996236,1.570167515,0.011047844,-0.004347211,0.010625336,2.649554532,1.515954909,1.570796327,0.079807471,-0.010579515,0
2.694881329,1.531637496,1.581271249,0.030987156,-0.014406976,0.003393295,2.651782671,1.53180018,1.570796327,0.078645237,-0.011701884,0
2.70384481,1.561829909,1.588275683,0.081547915,-0.028731152,-0.015180952,2.654235285,1.547413004,1.570796327,0.077483003,-0.012824254,0
2.725838474,1.62317614,1.584108347,0.176257589,-0.066096898,-0.035800736,2.656912373,1.562793381,1.570796327,0.07632077,-0.013946624,0
2.73972568,1.66213355,1.57801523,0.183464068,-0.069214052,-0.047511044,2.659813935,1.577941311,1.570796327,0.075158536,-0.015068993,0
2.751931588,1.689725173,1.567390829,0.163889651,-0.066038442,-0.053069124,2.66293997,1.592856795,1.570796327,0.073996302,-0.016191363,0
2.759733786,1.706967995,1.554659239,0.13098235,-0.054084098,-0.059297036,2.66629048,1.607539832,1.570796327,0.072834069,-0.017313733,0
2.768606681,1.725538147,1.543499162,0.115104327,-0.04906966,-0.050911571,2.669865463,1.621990423,1.570796327,0.071671835,-0.018436102,0
2.775738705,1.737075121,1.533230034,0.091110673,-0.042475298,-0.049635856,2.673664921,1.636208566,1.570796327,0.070509601,-0.019558472,0
2.784074352,1.752901429,1.525537361,0.086678798,-0.040724385,-0.033116093,2.677688852,1.650194263,1.570796327,0.069347368,-0.020680842,0
2.79300413,1.771437192,1.51972284,0.090083753,-0.040446304,-0.020602856,2.681937258,1.663947513,1.570796327,0.068185134,-0.021803211,0
2.796632906,1.779160107,1.517346003,0.068620711,-0.029913209,-0.00416192,2.686410137,1.677468317,1.570796327,0.0670229,-0.022925581,0
2.797170714,1.780579999,1.517957325,0.042540862,-0.018047664,0.01088284,2.69110749,1.690756673,1.570796327,0.065860667,-0.02404795,0
2.796317135,1.779103913,1.522667934,0.021220547,-0.008682542,0.032806652,2.696029317,1.703812583,1.570796327,0.064698433,-0.02517032,0
2.795119824,1.77683584,1.528892723,0.007240313,-0.002696206,0.041976928,2.701175618,1.716636047,1.570796327,0.063536199,-0.02629269,0
2.794096769,1.774820799,1.536350146,-0.000226605,0.000414232,0.05063464,2.706546393,1.729227063,1.570796327,0.062373965,-0.027415059,0
2.793408246,1.773417738,1.546189609,-0.003172357,0.00157383,0.065597703,2.712105614,1.741488519,1.570796327,0.060240595,-0.028177155,0
2.800196556,1.780678155,1.554534124,0.014123847,-0.012960293,0.060718335,2.717817255,1.753323301,1.570796327,0.058107225,-0.02893925,0
2.804128876,1.784977815,1.559960173,0.017469313,-0.015559247,0.047560678,2.723681314,1.764731409,1.570796327,0.055973854,-0.029701345,0
2.825027914,1.804001763,1.564846902,0.051290418,-0.052618135,0.031991146,2.729697793,1.775712843,1.570796327,0.053840484,-0.030463441,0
2.837641138,1.81497887,1.565927966,0.053073831,-0.056795273,0.014522354,2.735866691,1.786267603,1.570796327,0.051707114,-0.031225536,0
2.844846553,1.820742759,1.565159786,0.042801516,-0.047893793,-0.001557837,2.742188007,1.796395688,1.570796327,0.049573743,-0.031987631,0
2.851209688,1.827014002,1.561038682,0.037991847,-0.040957391,-0.019443997,2.748661743,1.8060971,1.570796327,0.047440373,-0.032749727,0
2.859195104,1.832725009,1.556168203,0.034125054,-0.04037824,-0.024630196,2.755287898,1.815371837,1.570796327,0.045307002,-0.033511822,0
2.865062386,1.836490095,1.552167059,0.027780939,-0.035542965,-0.02237149,2.762066472,1.824219901,1.570796327,0.043173632,-0.034273917,0
2.873306899,1.841371249,1.549307721,0.026603781,-0.037774434,-0.020805503,2.768997465,1.83264129,1.570796327,0.041040262,-0.035036013,0
2.880993011,1.847708444,1.546261504,0.029085085,-0.03775975,-0.017237212,2.776080877,1.840636005,1.570796327,0.038906891,-0.035798108,0
2.886488002,1.851646533,1.543344505,0.025348555,-0.033168191,-0.018252259,2.783316708,1.848204046,1.570796327,0.036773521,-0.036560203,0
2.890121484,1.855918225,1.540409267,0.02385542,-0.026526548,-0.016455201,2.790704958,1.855345414,1.570796327,0.03464015,-0.037322299,0
2.8934407,1.859019474,1.536704454,0.020523204,-0.022072932,-0.016697277,2.798245628,1.862060107,1.570796327,0.03250678,-0.038084394,0
2.8988953,1.862989768,1.53214161,0.020635649,-0.023959635,-0.017998235,2.805938716,1.868348126,1.570796327,0.03037341,-0.038846489,0
2.905133737,1.866674166,1.528368989,0.020202608,-0.026695214,-0.015276263,2.813784223,1.87420947,1.570796327,0.028240039,-0.039608585,0
2.911454576,1.872585462,1.525270138,0.024732131,-0.028227476,-0.014121229,2.821765853,1.879668931,1.570796327,0.026354572,-0.040207711,0
2.916832929,1.878603688,1.521625735,0.027513065,-0.027051873,-0.017215095,2.829867308,1.884751299,1.570796327,0.024469104,-0.040806838,0
2.921610214,1.883337958,1.51736471,0.026377072,-0.02516254,-0.017197124,2.838088588,1.889456573,1.570796327,0.022583637,-0.041405965,0
2.928462245,1.889033636,1.514054144,0.028025719,-0.028340238,-0.013865024,2.846429694,1.893784754,1.570796327,0.02069817,-0.042005091,0
2.934478379,1.89352939,1.511231618,0.026374225,-0.028490197,-0.012114133,2.854890624,1.897735841,1.570796327,0.018812702,-0.042604218,0
2.94079357,1.89878288,1.509139484,0.027105606,-0.029090138,-0.008427513,2.863471381,1.901309835,1.570796327,0.016927235,-0.043203345,0
2.946081299,1.903636819,1.50688846,0.026594982,-0.027258238,-0.0049551,2.872171962,1.904506735,1.570796327,0.015041767,-0.043802471,0
2.948065976,1.905555035,1.506758532,0.019644827,-0.019574506,0.005713651,2.880992369,1.907326542,1.570796327,0.0131563,-0.044401598,0
2.948211359,1.905807707,1.508734562,0.011853795,-0.011500812,0.01687159,2.889932601,1.909769255,1.570796327,0.011270833,-0.045000725,0
2.947578037,1.905326039,1.51297022,0.005702531,-0.00532504,0.028820356,2.898992659,1.911834875,1.570796327,0.009385365,-0.045599851,0
2.946793056,1.904669741,1.518554617,0.001777747,-0.001481295,0.035295455,2.908172542,1.913523401,1.570796327,0.007499898,-0.046198978,0
2.946148056,1.904108071,1.524390365,-0.000250864,0.000448407,0.039366568,2.91747225,1.914834834,1.570796327,0.00561443,-0.046798105,0
2.945724148,1.903726423,1.529245034,-0.001001208,0.001115398,0.03476462,2.926891784,1.915769173,1.570796327,0.003728963,-0.047397231,0
2.95743934,1.912471051,1.531510968,0.019197593,-0.023338723,0.022099152,2.936431143,1.916326419,1.570796327,0.001843496,-0.047996358,0
2.983301871,1.926202327,1.533844191,0.042535653,-0.067104304,0.013284583,2.946090327,1.916506571,1.570796327,-4.2E-05,-0.048595485,0
3.007465539,1.934983464,1.534916029,0.044926612,-0.089243157,-0.001434169,2.955869337,1.91630963,1.570796327,-0.001927439,-0.049194611,0
3.026751119,1.941940358,1.532295702,0.041961299,-0.091751973,-0.018744662,2.965719135,1.915784602,1.570796327,-0.003322842,-0.049303375,0
3.041290974,1.94955322,1.528412578,0.041372672,-0.083016399,-0.025881048,2.975590687,1.914980493,1.570796327,-0.004718245,-0.049412139,0
3.051828751,1.953469851,1.523198571,0.032957013,-0.069742583,-0.034228443,2.985483991,1.913897304,1.570796327,-0.006113648,-0.049520904,0
3.066632439,1.957071891,1.5161088,0.028054161,-0.071122114,-0.036989635,2.995399048,1.912535034,1.570796327,-0.00750905,-0.049629668,0
3.078674101,1.959872854,1.508359836,0.023461057,-0.066078579,-0.040668706,3.005335858,1.910893684,1.570796327,-0.008904453,-0.049738432,0
3.088485382,1.960910039,1.505300259,0.01695314,-0.058624056,-0.02100171,3.015294421,1.908973253,1.570796327,-0.010299856,-0.049847196,0
3.091808828,1.96082679,1.503123673,0.010044337,-0.040724232,-0.016846695,3.025274737,1.906773742,1.570796327,-0.011695259,-0.04995596,0
3.091672314,1.960323984,1.50329451,0.004699787,-0.023168741,-0.006535941,3.035276805,1.90429515,1.570796327,-0.013090662,-0.050064724,0
3.090175522,1.959786725,1.506105635,0.0013521,-0.010207652,0.007183094,3.045300626,1.901537477,1.570796327,-0.014486064,-0.050173488,0
3.088511203,1.959373157,1.510313349,-0.000332782,-0.002388951,0.015392164,3.0553462,1.898500724,1.570796327,-0.015881467,-0.050282252,0
3.104517136,1.955530157,1.517482533,-0.006346472,-0.035830109,0.021986689,3.065413527,1.89518489,1.570796327,-0.01727687,-0.050391016,0
3.130650285,1.947981798,1.525226266,-0.016790656,-0.076914346,0.02693186,3.075502607,1.891589976,1.570796327,-0.018672273,-0.05049978,0
3.177593714,1.932924407,1.529580937,-0.036985713,-0.14538924,0.01747112,3.085613439,1.887715981,1.570796327,-0.020067676,-0.050608544,0
3.206145593,1.921145663,1.528834976,-0.043611553,-0.145272758,0.001987872,3.095746024,1.883562906,1.570796327,-0.021463078,-0.050717308,0
3.227468148,1.906904314,1.526974409,-0.053470332,-0.130014199,-0.011175147,3.105900362,1.87913075,1.570796327,-0.022858481,-0.050826072,0
3.246131978,1.890253151,1.522166091,-0.064340111,-0.115886664,-0.023802339,3.116076453,1.874419513,1.570796327,-0.024253884,-0.050934837,0
3.257822916,1.877002997,1.516006275,-0.063881554,-0.092753038,-0.032693583,3.126218707,1.869471071,1.570796327,-0.025230537,-0.050487696,0
3.272280331,1.862492338,1.508204844,-0.065817963,-0.085658699,-0.039845173,3.136271532,1.864327299,1.570796327,-0.026207189,-0.050040556,0
3.282854924,1.852588563,1.499838942,-0.057392196,-0.072993049,-0.04350387,3.146234929,1.858988196,1.570796327,-0.027183842,-0.049593416,0
3.296544157,1.839739979,1.493540052,-0.058151413,-0.072913991,-0.030678841,3.156108898,1.853453762,1.570796327,-0.028160495,-0.049146276,0
3.307390825,1.829094112,1.491204856,-0.054173214,-0.066647331,-0.011935973,3.16589344,1.847723997,1.570796327,-0.029137148,-0.048699136,0
3.321420378,1.815897051,1.491212896,-0.056695307,-0.070283693,0.002991155,3.175588553,1.841798903,1.570796327,-0.030113801,-0.048251996,0
3.33660314,1.802590796,1.493205476,-0.058120142,-0.074881993,0.016532461,3.185194238,1.835678477,1.570796327,-0.031090453,-0.047804856,0
3.346674238,1.793214965,1.497703713,-0.051514471,-0.065988105,0.030474028,3.194710495,1.829362721,1.570796327,-0.032067106,-0.047357716,0
3.357244493,1.783777836,1.50604788,-0.047922898,-0.061826007,0.046470618,3.204137325,1.822851635,1.570796327,-0.033043759,-0.046910576,0
3.364508782,1.777341678,1.515682705,-0.040159066,-0.051840739,0.05603167,3.213474726,1.816145218,1.570796327,-0.034020412,-0.046463436,0
3.373273998,1.768298644,1.526295398,-0.041165996,-0.049534602,0.062817629,3.222722699,1.80924347,1.570796327,-0.034997065,-0.046016296,0
3.379340263,1.759848059,1.537850566,-0.041000188,-0.042218454,0.067777323,3.231881244,1.802146392,1.570796327,-0.035973717,-0.045569156,0
3.386908358,1.748162137,1.550037443,-0.047818288,-0.041265717,0.066824355,3.240950361,1.794853983,1.570796327,-0.03695037,-0.045122016,0
3.39229898,1.741153798,1.559248963,-0.042117497,-0.035493193,0.054918074,3.24993005,1.787366244,1.570796327,-0.037927023,-0.044674876,0
3.397331101,1.734347345,1.565452042,-0.038531623,-0.031274817,0.037861604,3.258820311,1.779683174,1.570796327,-0.038903676,-0.044227735,0
3.402623892,1.728032646,1.569139751,-0.035478897,-0.029307839,0.02399686,3.267621144,1.771804773,1.570796327,-0.039880329,-0.043780595,0
3.406700389,1.721266699,1.571293303,-0.034771622,-0.025514846,0.009719471,3.276271149,1.763879237,1.570796327,-0.039375039,-0.042719453,0
3.411327389,1.714423234,1.571558726,-0.034547012,-0.024461497,-0.002249227,3.284708926,1.756054758,1.570796327,-0.03886975,-0.04165831,0
3.413406107,1.710191921,1.567261949,-0.028864991,-0.01843247,-0.026158257,3.292934473,1.748331337,1.570796327,-0.038364461,-0.040597168,0
3.41732981,1.706251813,1.559337947,-0.024954038,-0.018932295,-0.046678374,3.300947793,1.740708973,1.570796327,-0.037859172,-0.039536025,0
3.421623504,1.702878048,1.550843673,-0.021454848,-0.020048106,-0.055121157,3.308748883,1.733187668,1.570796327,-0.037353883,-0.038474882,0
3.42701388,1.697904829,1.538481599,-0.022719142,-0.023142238,-0.069557125,3.316337745,1.72576742,1.570796327,-0.036848594,-0.03741374,0
3.430603968,1.69577145,1.526543907,-0.017337906,-0.021093451,-0.064594201,3.323714379,1.71844823,1.570796327,-0.036343305,-0.036352597,0
3.435166193,1.691151719,1.517123372,-0.019382503,-0.022191983,-0.054903995,3.330878784,1.711230098,1.570796327,-0.035838015,-0.035291454,0
3.439458395,1.688508501,1.511931591,-0.016282906,-0.022159777,-0.033089682,3.337830961,1.704113024,1.570796327,-0.035332726,-0.034230312,0
3.44208663,1.687385983,1.511774486,-0.011405175,-0.018459067,-0.006946729,3.344570909,1.697097008,1.570796327,-0.034827437,-0.033169169,0
3.443467284,1.685552213,1.514585119,-0.010263747,-0.013758105,0.010782816,3.351098629,1.690182049,1.570796327,-0.034322148,-0.032108027,0
3.443652769,1.683437774,1.518551883,-0.010362738,-0.008543504,0.017585267,3.35741412,1.683368148,1.570796327,-0.033816859,-0.031046884,0
3.44390739,1.682603879,1.521644072,-0.007692974,-0.005543046,0.019825137,3.363517382,1.676655306,1.570796327,-0.03331157,-0.029985741,0
3.444378619,1.682198422,1.522851624,-0.005228624,-0.004226371,0.011024015,3.369408416,1.67004352,1.570796327,-0.032806281,-0.028924599,0
3.444771341,1.681343665,1.523458187,-0.004778313,-0.003349117,0.004702954,3.375087222,1.663532793,1.570796327,-0.032300992,-0.027863456,0
3.444263719,1.678949176,1.521078284,-0.007882014,-0.001091607,-0.010651129,3.380553799,1.657123124,1.570796327,-0.031795702,-0.026802313,0
3.44386397,1.677444394,1.517511361,-0.007763516,6.13E-05,-0.016825083,3.385746747,1.650962707,1.570796327,-0.029808471,-0.025127169,0
3.442414058,1.67625535,1.513450326,-0.0071424,0.002978142,-0.020767019,3.390604666,1.645199735,1.570796327,-0.02782124,-0.023452024,0
3.44129682,1.675839996,1.509251396,-0.005116834,0.004027137,-0.021765404,3.395127556,1.639834211,1.570796327,-0.025834008,-0.02177688,0
3.440172812,1.674647826,1.504825328,-0.005614119,0.00454328,-0.022020577,3.399315418,1.634866132,1.570796327,-0.023846777,-0.020101735,0
3.439375505,1.673534687,1.505001821,-0.005698914,0.004144594,0.001245375,3.40316825,1.6302955,1.570796327,-0.021859545,-0.01842659,0
3.438488854,1.672778704,1.506550672,-0.005002264,0.004153273,0.009536365,3.406686054,1.626122314,1.570796327,-0.019872314,-0.016751446,0
3.437538117,1.671036889,1.51002603,-0.006699634,0.004161727,0.019255735,3.409868829,1.622346574,1.570796327,-0.017885083,-0.015076301,0
3.436550238,1.669600212,1.515482237,-0.007028259,0.004294097,0.032049669,3.412716575,1.618968281,1.570796327,-0.015897851,-0.013401157,0
3.435247282,1.66750068,1.516142219,-0.008651899,0.004974191,0.006781409,3.415229292,1.615987434,1.570796327,-0.01391062,-0.011726012,0
3.433765077,1.666228261,1.516699594,-0.007848094,0.005851322,0.006510101,3.417406979,1.613404033,1.570796327,-0.011923388,-0.010050868,0
3.431906945,1.664589682,1.515719137,-0.008204266,0.007112592,-0.002559466,3.419249639,1.611218079,1.570796327,-0.009936157,-0.008375723,0
3.430457542,1.662712648,1.514775564,-0.00886587,0.006942093,-0.004867247,3.420757269,1.60942957,1.570796327,-0.007948926,-0.006700578,0
3.428988108,1.661007256,1.514023708,-0.008886998,0.006903145,-0.003771755,3.42192987,1.608038508,1.570796327,-0.005961694,-0.005025434,0
3.427801519,1.659721654,1.514278659,-0.007976426,0.006327828,0.001278982,3.422767442,1.607044893,1.570796327,-0.003974463,-0.003350289,0
3.426776994,1.659274295,1.51516463,-0.005653539,0.005755452,0.004094172,3.423269986,1.606448723,1.570796327,-0.001987231,-0.001675145,0
3.425525602,1.659278099,1.516674064,-0.003385519,0.005963928,0.006221405,3.4234375,1.60625,1.570796327,0,0,0
3.425313759,1.659163911,1.518866885,-0.002209601,0.003862975,0.010472437,3.4234375,1.60625,1.570796327,0,0,0
3.425104528,1.658605652,1.521243151,-0.002476357,0.002600809,0.012474396,3.4234375,1.60625,1.570796327,0,0,0
3.424822669,1.658054902,1.523628374,-0.002621277,0.002033351,0.01345859,3.4234375,1.60625,1.570796327,0,0,0
3.424157624,1.657221553,1.526386089,-0.003343663,0.002494378,0.015542929,3.4234375,1.60625,1.570796327,0,0,0
3.422954865,1.65682877,1.529505036,-0.002872007,0.003950486,0.016772592,3.4234375,1.60625,1.570796327,0,0,0
3.421161108,1.656712718,1.53248007,-0.002058951,0.006070629,0.015650326,3.4234375,1.60625,1.570796327,0,0,0
3.418777926,1.657632733,1.534941,0.00057154,0.008630332,0.012844813,3.4234375,1.60625,1.570796327,0,0,0
3.417320852,1.658520181,1.536577997,0.002102407,0.008123677,0.009030601,3.4234375,1.60625,1.570796327,0,0,0
3.417077323,1.659595728,1.538291964,0.003477971,0.00526484,0.010090628,3.4234375,1.60625,1.570796327,0,0,0
3.417212937,1.660131322,1.539135268,0.003148221,0.002773199,0.005313988,3.4234375,1.60625,1.570796327,0,0,0
3.416571678,1.661209396,1.539527609,0.004056806,0.003028321,0.000747011,3.4234375,1.60625,1.570796327,0,0,0
3.415697864,1.661717558,1.53842341,0.003353438,0.003628926,-0.00741138,3.4234375,1.60625,1.570796327,0,0,0
3.415594449,1.661568916,1.53545147,0.001604099,0.00229421,-0.017375411,3.4234375,1.60625,1.570796327,0,0,0
3.415954728,1.661365089,1.530749915,0.000513019,0.000538489,-0.025952163,3.4234375,1.60625,1.570796327,0,0,0
3.415939983,1.661190199,1.527951328,-7.84E-05,0.000327436,-0.018115694,3.4234375,1.60625,1.570796327,0,0,0
3.415949153,1.66107146,1.525418498,-0.000296814,0.000158514,-0.015776262,3.4234375,1.60625,1.570796327,0,0,0
3.416264166,1.660706953,1.525317557,-0.000916593,-0.00061136,-0.003581716,3.4234375,1.60625,1.570796327,0,0,0
3.416450853,1.660805831,1.52680259,-0.000298742,-0.000738911,0.006417064,3.4234375,1.60625,1.570796327,0,0,0
3.416837179,1.66089507,1.526379612,5.37E-05,-0.001236881,-0.003792978,3.4234375,1.60625,1.570796327,0,0,0
3.417631248,1.660957622,1.523522543,0.000237339,-0.002391775,-0.016603604,3.4234375,1.60625,1.570796327,0,0,0
3.419238988,1.660097429,1.519714064,-0.001537534,-0.004871691,-0.024001946,3.4234375,1.60625,1.570796327,0,0,0
3.423552836,1.657234962,1.513722708,-0.005182179,-0.009998738,-0.018522282,3.4234375,1.60625,1.570796327,0,0,0
3.423552836,1.657234962,1.513722708,-0.005182179,-0.009998738,-0.018522282,3.4234375,1.60625,1.570796327,0,0,0
3.42579476,1.656930061,1.510760603,-0.003353585,-0.01054728,-0.014495058,3.4234375,1.60625,1.570796327,0,0,0
3.427943845,1.656352407,1.509019273,-0.00287906,-0.010697634,-0.00858313,3.4234375,1.60625,1.570796327,0,0,0
3.428823898,1.656155609,1.507564117,-0.001952086,-0.008041806,-0.007261484,3.4234375,1.60625,1.570796327,0,0,0
3.429566173,1.655267801,1.5056847,-0.002906173,-0.006313116,-0.011049286,3.4234375,1.60625,1.570796327,0,0,0
3.430317825,1.654244074,1.502017615,-0.003737259,-0.005362873,-0.018446742,3.4234375,1.60625,1.570796327,0,0,0
3.431434191,1.654365028,1.499340452,-0.00172753,-0.005436382,-0.013465262,3.4234375,1.60625,1.570796327,0,0,0
3.432796165,1.654275398,1.496725789,-0.00097745,-0.006027817,-0.013492551,3.4234375,1.60625,1.570796327,0,0,0
3.433695155,1.653697987,1.495177568,-0.001645412,-0.005459183,-0.009278463,3.4234375,1.60625,1.570796327,0,0,0
3.434306002,1.652817327,1.493991494,-0.002714973,-0.004571102,-0.007430458,3.4234375,1.60625,1.570796327,0,0,0
3.434772491,1.652381419,1.492203508,-0.002409115,-0.003685688,-0.011821145,3.4234375,1.60625,1.570796327,0,0,0
3.435786261,1.651638306,1.489829226,-0.002792775,-0.004389911,-0.013338287,3.4234375,1.60625,1.570796327,0,0,0
3.437143868,1.650705762,1.487955247,-0.003352027,-0.005558545,-0.011330466,3.4234375,1.60625,1.570796327,0,0,0
3.438377682,1.650276545,1.486243633,-0.00262037,-0.005884988,-0.009759948,3.4234375,1.60625,1.570796327,0,0,0
3.438905657,1.649860925,1.484735222,-0.002291555,-0.004574307,-0.009713552,3.4234375,1.60625,1.570796327,0,0,0
3.439015048,1.650325136,1.482952012,-0.000310474,-0.002777678,-0.009016845,3.4234375,1.60625,1.570796327,0,0,0
3.439226937,1.65068339,1.481002676,0.000622007,-0.001978915,-0.00776428,3.4234375,1.60625,1.570796327,0,0,0
3.439254865,1.650609539,1.47875142,0.000207396,-0.001209699,-0.01011561,3.4234375,1.60625,1.570796327,0,0,0
3.440096805,1.65055182,1.477080816,0.000160702,-0.002489462,-0.006667327,3.4234375,1.60625,1.570796327,0,0,0
3.441135478,1.650813468,1.475489458,0.000852625,-0.003578387,-0.007050762,3.4234375,1.60625,1.570796327,0,0,0
3.442542233,1.6506673,1.473840563,0.000465126,-0.005063604,-0.006686061,3.4234375,1.60625,1.570796327,0,0,0
3.44412087,1.650565225,1.471684589,0.000375374,-0.006272161,-0.010478578,3.4234375,1.60625,1.570796327,0,0,0
3.444853377,1.65020789,1.47009423,-0.000385326,-0.005228249,-0.008048636,3.4234375,1.60625,1.570796327,0,0,0
3.445655628,1.649712002,1.469297941,-0.001097425,-0.004807095,-0.002501334,3.4234375,1.60625,1.570796327,0,0,0
3.445939316,1.649458123,1.468613081,-0.001104444,-0.003417239,-0.001548237,3.4234375,1.60625,1.570796327,0,0,0
3.445942037,1.649067922,1.469916934,-0.001457927,-0.002054367,0.009329119,3.4234375,1.60625,1.570796327,0,0,0
3.445831092,1.648595241,1.471540647,-0.001861585,-0.001048166,0.0114076,3.4234375,1.60625,1.570796327,0,0,0
3.446001109,1.648082159,1.474452546,-0.002118619,-0.001072397,0.019297808,3.4234375,1.60625,1.570796327,0,0,0
3.446070032,1.647556281,1.478267558,-0.002315844,-0.000872639,0.024981019,3.4234375,1.60625,1.570796327,0,0,0
3.445484026,1.647330255,1.481217811,-0.001929569,0.000694174,0.020910094,3.4234375,1.60625,1.570796327,0,0,0
3.444229964,1.648177078,1.48382634,0.00043715,0.003223658,0.017237829,3.4234375,1.60625,1.570796327,0,0,0
3.442941382,1.649621472,1.487137352,0.003064908,0.004858993,0.021719268,3.4234375,1.60625,1.570796327,0,0,0
3.44141276,1.65132038,1.490616633,0.005079858,0.006344116,0.022597733,3.4234375,1.60625,1.570796327,0,0,0
3.440092437,1.652473862,1.494614623,0.005131582,0.006645976,0.025347246,3.4234375,1.60625,1.570796327,0,0,0
3.439534521,1.653838269,1.499545418,0.005753552,0.005227153,0.02724842,3.4234375,1.60625,1.570796327,0,0,0
3.438231212,1.654726079,1.503256834,0.004985272,0.005903391,0.022230726,3.4234375,1.60625,1.570796327,0,0,0
3.435556188,1.655621335,1.506527302,0.004360557,0.009199063,0.021446777,3.4234375,1.60625,1.570796327,0,0,0
3.433312742,1.656544437,1.510753703,0.004149056,0.010174823,0.024302458,3.4234375,1.60625,1.570796327,0,0,0
3.430834856,1.656602617,1.514358439,0.002185315,0.011108151,0.019303897,3.4234375,1.60625,1.570796327,0,0,0
3.428855289,1.655872401,1.518409137,-0.000533862,0.010490092,0.021739786,3.4234375,1.60625,1.570796327,0,0,0
3.427199375,1.655651508,1.522441165,-0.000962528,0.009517691,0.022930458,3.4234375,1.60625,1.570796327,0,0,0
3.425116195,1.655819204,1.525337301,-0.000415951,0.009912449,0.016527054,3.4234375,1.60625,1.570796327,0,0,0
3.422157547,1.658317863,1.529853559,0.004774664,0.012237277,0.024070327,3.4234375,1.60625,1.570796327,0,0,0
3.419302509,1.66004545,1.534088421,0.006169678,0.013249158,0.018495852,3.4234375,1.60625,1.570796327,0,0,0
3.415684731,1.661151457,1.539216772,0.005616654,0.015382686,0.022414473,3.4234375,1.60625,1.570796327,0,0,0
3.414050584,1.661552742,1.543790385,0.003983688,0.012332062,0.020862956,3.4234375,1.60625,1.570796327,0,0,0
3.410647211,1.660675203,1.547314972,0.000224146,0.01425969,0.016813897,3.4234375,1.60625,1.570796327,0,0,0
3.408514884,1.658526274,1.54945116,-0.004542722,0.012607166,0.01062264,3.4234375,1.60625,1.570796327,0,0,0
3.406287988,1.656076681,1.547906411,-0.007917908,0.011861151,-0.007964205,3.4234375,1.60625,1.570796327,0,0,0
3.405443888,1.65481753,1.544890816,-0.007265446,0.008549403,-0.016101533,3.4234375,1.60625,1.570796327,0,0,0
3.40537017,1.654358605,1.540106378,-0.005155828,0.005043,-0.026477932,3.4234375,1.60625,1.570796327,0,0,0
3.404431652,1.652845898,1.533286602,-0.006235075,0.004802516,-0.039142435,3.4234375,1.60625,1.570796327,0,0,0
3.403768226,1.65274847,1.523758769,-0.003842618,0.004153159,-0.050244873,3.4234375,1.60625,1.570796327,0,0,0
3.403557558,1.65170937,1.514767853,-0.004443181,0.002734795,-0.047060475,3.4234375,1.60625,1.570796327,0,0,0
3.404477011,1.650641974,1.507717081,-0.00472971,-0.000503086,-0.039359916,3.4234375,1.60625,1.570796327,0,0,0
3.406298243,1.649278521,1.503963635,-0.005392381,-0.004328813,-0.023619181,3.4234375,1.60625,1.570796327,0,0,0
3.407633463,1.648953608,1.501766182,-0.00360426,-0.005372134,-0.013308828,3.4234375,1.60625,1.570796327,0,0,0
3.409458411,1.648960017,1.502317986,-0.00179567,-0.006961582,0.001178739,3.4234375,1.60625,1.570796327,0,0,0
3.411824338,1.647308496,1.505535789,-0.004190808,-0.00925841,0.017710629,3.4234375,1.60625,1.570796327,0,0,0
3.41414458,1.645842854,1.510992277,-0.005188316,-0.010450375,0.030591791,3.4234375,1.60625,1.570796327,0,0,0
3.416068377,1.644871611,1.509564698,-0.004792621,-0.010212684,-0.00408317,3.4234375,1.60625,1.570796327,0,0,0
3.418616887,1.642721173,1.506089655,-0.006986968,-0.011557342,-0.018169949,3.4234375,1.60625,1.570796327,0,0,0
3.422425734,1.639280257,1.501884697,-0.01080395,-0.015186407,-0.023564982,3.4234375,1.60625,1.570796327,0,0,0
3.425124417,1.636368743,1.494126061,-0.012001792,-0.01486221,-0.043740614,3.4234375,1.60625,1.570796327,0,0,0
3.42736516,1.633301083,1.484447168,-0.013041445,-0.013772979,-0.052970195,3.4234375,1.60625,1.570796327,0,0,0
3.428163176,1.631679507,1.474601214,-0.010765053,-0.009905607,-0.053242959,3.4234375,1.60625,1.570796327,0,0,0
3.429374766,1.630631723,1.466305503,-0.008153018,-0.008478382,-0.046618435,3.4234375,1.60625,1.570796327,0,0,0
3.430359644,1.629230968,1.459656925,-0.007425029,-0.007263004,-0.037140166,3.4234375,1.60625,1.570796327,0,0,0
3.430959305,1.626940544,1.457458093,-0.008962394,-0.005963021,-0.01561702,3.4234375,1.60625,1.570796327,0,0,0
3.431976702,1.625009441,1.459225867,-0.008983593,-0.006039724,0.009106571,3.4234375,1.60625,1.570796327,0,0,0
3.432692411,1.623931031,1.465495123,-0.00726612,-0.005242833,0.034571225,3.4234375,1.60625,1.570796327,0,0,0
3.434727401,1.621852326,1.467644822,-0.008099908,-0.007790342,0.016369028,3.4234375,1.60625,1.570796327,0,0,0
3.436044675,1.620330361,1.470639688,-0.00757428,-0.007602782,0.02158543,3.4234375,1.60625,1.570796327,0,0,0
3.436865395,1.617971318,1.471890735,-0.009164746,-0.006616828,0.010457557,3.4234375,1.60625,1.570796327,0,0,0
3.437105257,1.615110564,1.468666262,-0.011270151,-0.00491418,-0.01562077,3.4234375,1.60625,1.570796327,0,0,0
3.437045659,1.612308915,1.464672774,-0.012415533,-0.003291487,-0.025081089,3.4234375,1.60625,1.570796327,0,0,0
3.435683811,1.610503711,1.459039579,-0.011246577,0.000587481,-0.031849747,3.4234375,1.60625,1.570796327,0,0,0
3.433933407,1.609306912,1.454886792,-0.009389943,0.003755241,-0.025883453,3.4234375,1.60625,1.570796327,0,0,0
3.432390875,1.60840645,1.449444554,-0.007664375,0.005196354,-0.033083669,3.4234375,1.60625,1.570796327,0,0,0
3.431368321,1.607899375,1.447169255,-0.005731618,0.005011103,-0.016963709,3.4234375,1.60625,1.570796327,0,0,0
3.42860073,1.606057867,1.44985411,-0.007889554,0.008246732,0.010401747,3.4234375,1.60625,1.570796327,0,0,0
3.427206552,1.603680764,1.457698933,-0.00990742,0.00707136,0.039014767,3.4234375,1.60625,1.570796327,0,0,0
3.426724849,1.60224633,1.467989792,-0.008832852,0.004733829,0.054361968,3.4234375,1.60625,1.570796327,0,0,0
3.426137534,1.602027052,1.479847009,-0.005665553,0.003924853,0.065238474,3.4234375,1.60625,1.570796327,0,0,0
3.425996998,1.602181831,1.48562718,-0.002947609,0.002597675,0.036846111,3.4234375,1.60625,1.570796327,0,0,0
3.424874103,1.603645524,1.49041676,0.001191926,0.00416139,0.028393924,3.4234375,1.60625,1.570796327,0,0,0
3.423428237,1.605174192,1.493905328,0.003664445,0.005730722,0.022766806,3.4234375,1.60625,1.570796327,0,0,0
3.420346097,1.606893172,1.492887925,0.005218401,0.010117618,0.000586498,3.4234375,1.60625,1.570796327,0,0,0
3.418463097,1.607440155,1.492212714,0.003839163,0.009893908,0.000104201,3.4234375,1.60625,1.570796327,0,0,0
3.417713968,1.608444347,1.489068191,0.004208288,0.007439918,-0.014325383,3.4234375,1.60625,1.570796327,0,0,0
3.417612951,1.609461908,1.487106801,0.004554372,0.004663017,-0.01077665,3.4234375,1.60625,1.570796327,0,0,0
3.417201417,1.611076255,1.483949057,0.005963758,0.003833397,-0.017706497,3.4234375,1.60625,1.570796327,0,0,0
3.417113326,1.612432271,1.48277809,0.006281638,0.002632696,-0.010249718,3.4234375,1.60625,1.570796327,0,0,0
3.417177128,1.612995991,1.481965886,0.004813542,0.001480882,-0.008340215,3.4234375,1.60625,1.570796327,0,0,0
3.417285289,1.6130971,1.481099563,0.002998998,0.000640427,-0.008809473,3.4234375,1.60625,1.570796327,0,0,0
3.417383641,1.6129861,1.481788933,0.001505875,0.000138975,-0.000937768,3.4234375,1.60625,1.570796327,0,0,0
3.418049786,1.61371344,1.483598202,0.002529649,-0.001195997,0.00511474,3.4234375,1.60625,1.570796327,0,0,0
3.418432435,1.615273543,1.487119979,0.004827777,-0.001210886,0.014686055,3.4234375,1.60625,1.570796327,0,0,0
3.417707018,1.619072523,1.491587978,0.010690091,0.001523102,0.02189384,3.4234375,1.60625,1.570796327,0,0,0
3.417827857,1.622883771,1.495538205,0.014238262,0.00128339,0.025432682,3.4234375,1.60625,1.570796327,0,0,0
3.418511063,1.625001626,1.495893229,0.01278374,-0.000362771,0.00771057,3.4234375,1.60625,1.570796327,0,0,0
3.420700631,1.624832453,1.494701506,0.007344345,-0.004883422,-0.002848324,3.4234375,1.60625,1.570796327,0,0,0
3.421914138,1.623403477,1.492577105,0.001385944,-0.005611998,-0.010510182,3.4234375,1.60625,1.570796327,0,0,0
3.421529707,1.621149042,1.488658883,-0.004046136,-0.002778246,-0.021788421,3.4234375,1.60625,1.570796327,0,0,0
3.419320289,1.619223926,1.483543597,-0.006776164,0.002761102,-0.029660925,3.4234375,1.60625,1.570796327,0,0,0
3.418561169,1.616774116,1.477722514,-0.009219669,0.002757848,-0.034883295,3.4234375,1.60625,1.570796327,0,0,0
3.420622395,1.614696681,1.470405734,-0.009313323,-0.003184176,-0.039985466,3.4234375,1.60625,1.570796327,0,0,0
3.425506107,1.613806189,1.463912369,-0.006245297,-0.012362347,-0.035769423,3.4234375,1.60625,1.570796327,0,0,0
3.42882835,1.613016254,1.460585995,-0.004521534,-0.014310155,-0.019645739,3.4234375,1.60625,1.570796327,0,0,0
3.430634969,1.611323166,1.458322055,-0.005755523,-0.012425392,-0.015224059,3.4234375,1.60625,1.570796327,0,0,0
3.432095111,1.609362393,1.459235735,-0.007097898,-0.010685583,0.003622918,3.4234375,1.60625,1.570796327,0,0,0
3.433726672,1.607287183,1.459754125,-0.008080679,-0.010072206,-1.88E-05,3.4234375,1.60625,1.570796327,0,0,0
3.434624961,1.604885387,1.459364288,-0.009505161,-0.008250095,-0.001817545,3.4234375,1.60625,1.570796327,0,0,0
3.435424869,1.600834272,1.458879834,-0.013830953,-0.007388746,-0.001647018,3.4234375,1.60625,1.570796327,0,0,0
3.435638821,1.597370164,1.456181262,-0.015214747,-0.005519173,-0.013522725,3.4234375,1.60625,1.570796327,0,0,0
3.435559421,1.592894312,1.450842553,-0.018215718,-0.00408023,-0.028925835,3.4234375,1.60625,1.570796327,0,0,0
3.435376721,1.589071673,1.445055868,-0.018581946,-0.002908839,-0.034957766,3.4234375,1.60625,1.570796327,0,0,0
3.435197398,1.585124831,1.442195457,-0.019052543,-0.002300757,-0.026098565,3.4234375,1.60625,1.570796327,0,0,0
3.435664329,1.581413231,1.443912121,-0.018656128,-0.003280603,-0.00257561,3.4234375,1.60625,1.570796327,0,0,0
3.435638402,1.579342198,1.445670104,-0.015092654,-0.002387585,0.006877214,3.4234375,1.60625,1.570796327,0,0,0
3.435296148,1.579995912,1.45106145,-0.007381159,-0.000482001,0.030705562,3.4234375,1.60625,1.570796327,0,0,0
3.435086659,1.580596795,1.460696884,-0.003026863,0.000326624,0.051412295,3.4234375,1.60625,1.570796327,0,0,0
3.433787645,1.582090382,1.472400776,0.001095055,0.0033046,0.065740529,3.4234375,1.60625,1.570796327,0,0,0
3.433060755,1.583344623,1.480224154,0.003121701,0.003718733,0.048893936,3.4234375,1.60625,1.570796327,0,0,0
3.431256003,1.586103525,1.484669437,0.007256802,0.006531266,0.032608712,3.4234375,1.60625,1.570796327,0,0,0
3.430628814,1.587267208,1.488842059,0.00652054,0.005295725,0.026085803,3.4234375,1.60625,1.570796327,0,0,0
3.427781046,1.590651965,1.492114171,0.010407027,0.009680264,0.014979261,3.4234375,1.60625,1.570796327,0,0,0
3.423318544,1.595638569,1.4929104,0.015792765,0.01586199,0.001400216,3.4234375,1.60625,1.570796327,0,0,0
3.42045937,1.599313206,1.493297453,0.01639586,0.015774504,-0.000407622,3.4234375,1.60625,1.570796327,0,0,0
3.416630956,1.602931181,1.492967744,0.016454285,0.01777591,-0.00083551,3.4234375,1.60625,1.570796327,0,0,0
3.414032786,1.605302364,1.491023331,0.014041359,0.016118576,-0.006990488,3.4234375,1.60625,1.570796327,0,0,0
3.412210782,1.606354337,1.490566196,0.009980296,0.013306883,6.1E-05,3.4234375,1.60625,1.570796327,0,0,0
3.411676903,1.606434252,1.492509522,0.005806922,0.008794234,0.01236219,3.4234375,1.60625,1.570796327,0,0,0
3.411796577,1.606100472,1.496404325,0.002648677,0.004741974,0.022986461,3.4234375,1.60625,1.570796327,0,0,0
3.410657143,1.605983543,1.501204934,0.001088971,0.005119641,0.027677531,3.4234375,1.60625,1.570796327,0,0,0
3.410157668,1.605811311,1.507112375,0.000185364,0.003972866,0.035272129,3.4234375,1.60625,1.570796327,0,0,0
3.410043318,1.605660885,1.512070937,-0.000225812,0.002502804,0.031895082,3.4234375,1.60625,1.570796327,0,0,0
3.396680517,1.612125804,1.516073762,0.011760769,0.030682624,0.028256934,3.4234375,1.60625,1.570796327,0,0,0
3.387586798,1.616117906,1.522717083,0.014177746,0.037398239,0.02915785,3.4234375,1.60625,1.570796327,0,0,0
3.381592011,1.617034771,1.527037177,0.009574189,0.03426926,0.008811743,3.4234375,1.60625,1.570796327,0,0,0
3.369854896,1.611638107,1.525320211,-0.007127465,0.044073207,-0.002927964,3.4234375,1.60625,1.570796327,0,0,0
3.370544049,1.610245954,1.523638443,-0.006920326,0.023734309,-0.019826385,3.4234375,1.60625,1.570796327,0,0,0
3.386789081,1.605451193,1.520141991,-0.012640099,-0.021317446,-0.029732408,3.4234375,1.60625,1.570796327,0,0,0
3.396939076,1.602882241,1.51605464,-0.01174654,-0.034052318,-0.033893573,3.4234375,1.60625,1.570796327,0,0,0
3.402054371,1.601857175,1.509658838,-0.008402006,-0.030530808,-0.047348313,3.4234375,1.60625,1.570796327,0,0,0
3.403841783,1.601714315,1.503529911,-0.004915953,-0.021352848,-0.047886189,3.4234375,1.60625,1.570796327,0,0,0
3.405031391,1.601673947,1.497611478,-0.002752873,-0.014798008,-0.04867608,3.4234375,1.60625,1.570796327,0,0,0
3.410664732,1.601261846,1.491938222,-0.001636026,-0.020516429,-0.03370427,3.4234375,1.60625,1.570796327,0,0,0
3.416384849,1.602634561,1.486418013,0.002925101,-0.023702529,-0.024647519,3.4234375,1.60625,1.570796327,0,0,0
3.424647459,1.599046209,1.481993346,-0.004511637,-0.031728993,-0.02811801,3.4234375,1.60625,1.570796327,0,0,0
3.430061396,1.596340145,1.478883394,-0.007339714,-0.030180412,-0.023133228,3.4234375,1.60625,1.570796327,0,0,0
3.434484088,1.593832317,1.47541404,-0.008696343,-0.027171108,-0.025787968,3.4234375,1.60625,1.570796327,0,0,0
3.437205224,1.594816654,1.468069588,-0.002337045,-0.021189759,-0.035924001,3.4234375,1.60625,1.570796327,0,0,0
3.439360312,1.596652731,1.459256194,0.003044842,-0.016349963,-0.039868706,3.4234375,1.60625,1.570796327,0,0,0
3.441378563,1.597852565,1.450470413,0.004789499,-0.013376474,-0.038997435,3.4234375,1.60625,1.570796327,0,0,0
3.442867065,1.597597362,1.44159041,0.00261031,-0.010878447,-0.041993425,3.4234375,1.60625,1.570796327,0,0,0
3.44593343,1.596739109,1.434693115,0.000530885,-0.012937602,-0.029567568,3.4234375,1.60625,1.570796327,0,0,0
3.447311332,1.596198485,1.430958289,-0.000417468,-0.010485854,-0.014891581,3.4234375,1.60625,1.570796327,0,0,0
3.44765965,1.595928615,1.430847927,-0.000688665,-0.006836021,0.003167982,3.4234375,1.60625,1.570796327,0,0,0
3.448401014,1.594644812,1.431840841,-0.002864381,-0.005872373,0.016603298,3.4234375,1.60625,1.570796327,0,0,0
3.447702895,1.594263656,1.434871935,-0.002652,-0.002021173,0.027473319,3.4234375,1.60625,1.570796327,0,0,0
3.4471171,1.591782299,1.439772474,-0.006921412,-0.000664067,0.033160208,3.4234375,1.60625,1.570796327,0,0,0
3.447325754,1.588664886,1.442889812,-0.010482402,-0.001715764,0.023363794,3.4234375,1.60625,1.570796327,0,0,0
3.447459001,1.585620401,1.442838364,-0.012400687,-0.002115428,0.006921803,3.4234375,1.60625,1.570796327,0,0,0
3.447226262,1.583937656,1.442264512,-0.010734722,-0.00119203,0.00420301,3.4234375,1.60625,1.570796327,0,0,0
3.446478206,1.582208273,1.442410252,-0.010018858,0.000410238,0.006984636,3.4234375,1.60625,1.570796327,0,0,0
3.444264958,1.580988224,1.442499164,-0.008939055,0.004562007,0.006066104,3.4234375,1.60625,1.570796327,0,0,0
3.441858248,1.580028792,1.442168115,-0.007820616,0.007429314,0.002355232,3.4234375,1.60625,1.570796327,0,0,0
3.438879286,1.580060079,1.442337262,-0.005249767,0.01055389,0.00554204,3.4234375,1.60625,1.570796327,0,0,0
3.436858674,1.581206163,1.44529761,-0.001158913,0.010636738,0.019606586,3.4234375,1.60625,1.570796327,0,0,0
3.433990415,1.582889035,1.450556754,0.002108452,0.012616119,0.030026144,3.4234375,1.60625,1.570796327,0,0,0
3.431513718,1.583843363,1.456459534,0.002581736,0.012723112,0.034523811,3.4234375,1.60625,1.570796327,0,0,0
3.428420229,1.584559571,1.462300514,0.002226351,0.014018261,0.034506682,3.4234375,1.60625,1.570796327,0,0,0
3.427064972,1.584825264,1.467091929,0.001528457,0.010977279,0.030419296,3.4234375,1.60625,1.570796327,0,0,0
3.426755562,1.584845676,1.469611037,0.000860524,0.006962825,0.019691531,3.4234375,1.60625,1.570796327,0,0,0
3.426947002,1.584765362,1.47162855,0.000370849,0.003576354,0.018242803,3.4234375,1.60625,1.570796327,0,0,0
3.427291719,1.584665454,1.472583087,7.8E-05,0.001303278,0.013804998,3.4234375,1.60625,1.570796327,0,0,0
3.427610651,1.584583348,1.47231443,-6.01E-05,5.63E-05,0.007757039,3.4234375,1.60625,1.570796327,0,0,0
3.424255776,1.585126311,1.471599355,0.000389752,0.007246305,0.00532595,3.4234375,1.60625,1.570796327,0,0,0
3.421434966,1.585438673,1.470855497,0.000272507,0.010197094,0.004140109,3.4234375,1.60625,1.570796327,0,0,0
3.418866571,1.585579345,1.469907585,-0.000103845,0.011320974,0.001006753,3.4234375,1.60625,1.570796327,0,0,0
3.416842926,1.584421521,1.470351423,-0.002944201,0.010534629,0.003251612,3.4234375,1.60625,1.570796327,0,0,0
3.415769073,1.583123186,1.470120586,-0.004664054,0.008046954,-0.002431566,3.4234375,1.60625,1.570796327,0,0,0
3.415223477,1.582143543,1.469433083,-0.004866652,0.005568938,-0.005084442,3.4234375,1.60625,1.570796327,0,0,0
3.414006494,1.580518665,1.468662719,-0.006491748,0.00542845,-0.006905981,3.4234375,1.60625,1.570796327,0,0,0
3.413513777,1.579732782,1.468609136,-0.00549684,0.00399302,-0.00358453,3.4234375,1.60625,1.570796327,0,0,0
3.414035624,1.579484129,1.468460741,-0.003570989,0.001138045,-0.005421944,3.4234375,1.60625,1.570796327,0,0,0
3.415386294,1.580410557,1.467613147,0.000197932,-0.002004766,-0.008881207,3.4234375,1.60625,1.570796327,0,0,0
3.416213713,1.580761698,1.466515187,0.001034808,-0.00282634,-0.00937962,3.4234375,1.60625,1.570796327,0,0,0
3.417217065,1.580366223,1.465281513,-2.34E-05,-0.003831793,-0.009554799,3.4234375,1.60625,1.570796327,0,0,0
3.418588645,1.581008709,1.463100815,0.001650555,-0.004959783,-0.011282823,3.4234375,1.60625,1.570796327,0,0,0
3.4192462,1.581391374,1.459995773,0.001908849,-0.00415214,-0.015266369,3.4234375,1.60625,1.570796327,0,0,0
3.419449016,1.581572211,1.457474222,0.001528801,-0.002770784,-0.012916587,3.4234375,1.60625,1.570796327,0,0,0
3.419416897,1.581626359,1.45466994,0.00098695,-0.00151013,-0.014947602,3.4234375,1.60625,1.570796327,0,0,0
3.41929819,1.5816159,1.451926662,0.000517192,-0.000618657,-0.015147485,3.4234375,1.60625,1.570796327,0,0,0
3.417980636,1.57710474,1.450264268,-0.009555858,0.001321644,-0.015260037,3.4234375,1.60625,1.570796327,0,0,0
3.418987871,1.574200615,1.44855592,-0.011373114,-0.002093691,-0.014551162,3.4234375,1.60625,1.570796327,0,0,0
3.419648078,1.572851563,1.448293512,-0.009216009,-0.002938189,-0.008521915,3.4234375,1.60625,1.570796327,0,0,0
3.420002785,1.572472201,1.447622948,-0.006006533,-0.002530807,-0.011519524,3.4234375,1.60625,1.570796327,0,0,0
3.429397851,1.573177098,1.44633172,0.000420178,-0.021110238,-0.017421813,3.4234375,1.60625,1.570796327,0,0,0
3.430853907,1.569013961,1.447301526,-0.008206535,-0.016253649,-0.013618824,3.4234375,1.60625,1.570796327,0,0,0
3.432160673,1.566397531,1.4492501,-0.009930314,-0.012745083,-0.007905142,3.4234375,1.60625,1.570796327,0,0,0
3.437166639,1.571509206,1.449430208,0.006368727,-0.016595488,-0.000271117,3.4234375,1.60625,1.570796327,0,0,0
3.438755955,1.577820749,1.448769046,0.017411189,-0.01124776,0.00363797,3.4234375,1.60625,1.570796327,0,0,0
3.43937578,1.580702889,1.448377684,0.016253642,-0.007012169,0.002136467,3.4234375,1.60625,1.570796327,0,0,0
3.440171147,1.582410282,1.449092476,0.013150798,-0.005260078,0.005468982,3.4234375,1.60625,1.570796327,0,0,0
3.440320232,1.582569307,1.449185583,0.007929775,-0.003295843,0.002151765,3.4234375,1.60625,1.570796327,0,0,0
3.439575039,1.581637844,1.449866144,0.002396355,-0.000561258,0.006485717,3.4234375,1.60625,1.570796327,0,0,0
3.438106137,1.58084642,1.45220867,-0.000674817,0.002573523,0.014997433,3.4234375,1.60625,1.570796327,0,0,0
3.436039492,1.580610163,1.454675117,-0.001415559,0.005781984,0.016153955,3.4234375,1.60625,1.570796327,0,0,0
3.434047306,1.581082085,1.458207165,-0.000317511,0.007649105,0.022396907,3.4234375,1.60625,1.570796327,0,0,0
3.432209489,1.581673984,1.462590474,0.000620729,0.008423401,0.026139043,3.4234375,1.60625,1.570796327,0,0,0
3.429623818,1.581096405,1.467246307,-0.001473948,0.01016639,0.028407582,3.4234375,1.60625,1.570796327,0,0,0
3.427826907,1.580707184,1.469296738,-0.002078421,0.009551342,0.018702204,3.4234375,1.60625,1.570796327,0,0,0
3.42416233,1.580196553,1.471460367,-0.003089442,0.013125399,0.016685974,3.4234375,1.60625,1.570796327,0,0,0
3.421793758,1.581428969,1.472070265,0.000319681,0.012822768,0.009160234,3.4234375,1.60625,1.570796327,0,0,0
3.419696695,1.581598936,1.474210961,0.000104591,0.011840829,0.011092409,3.4234375,1.60625,1.570796327,0,0,0
3.418629877,1.581341906,1.475580225,-0.000701022,0.009007063,0.008381298,3.4234375,1.60625,1.570796327,0,0,0
3.418421026,1.581150603,1.476916348,-0.000846406,0.005577985,0.007484855,3.4234375,1.60625,1.570796327,0,0,0
3.418610974,1.581034951,1.478410381,-0.000690792,0.002779485,0.008630737,3.4234375,1.60625,1.570796327,0,0,0
3.418913385,1.580979335,1.47971359,-0.000453558,0.000945669,0.008107997,3.4234375,1.60625,1.570796327,0,0,0
3.418885819,1.580365254,1.480516673,-0.001566299,0.000481321,0.005173947,3.4234375,1.60625,1.570796327,0,0,0
3.418903935,1.58002496,1.480623847,-0.001617109,0.000172516,0.001624198,3.4234375,1.60625,1.570796327,0,0,0
3.418935681,1.579881471,1.480657106,-0.001226931,4.36E-06,0.001077929,3.4234375,1.60625,1.570796327,0,0,0
3.418964815,1.579853743,1.480603156,-0.000758077,-6.45E-05,0.000487154,3.4234375,1.60625,1.570796327,0,0,0
3.418985488,1.579879712,1.479799669,-0.000376574,-7.59E-05,-0.003646858,3.4234375,1.60625,1.570796327,0,0,0
3.417505157,1.574249781,1.481760616,-0.012422974,0.002035662,-0.002230574,3.4234375,1.60625,1.570796327,0,0,0
3.416354353,1.57132682,1.483359507,-0.013541106,0.003083764,-0.003115942,3.4234375,1.60625,1.570796327,0,0,0
3.415799784,1.575736892,1.481951342,0.001461876,0.00376136,-0.006866269,3.4234375,1.60625,1.570796327,0,0,0
3.415627693,1.578724509,1.48091928,0.007136898,0.003085303,-0.005341816,3.4234375,1.60625,1.570796327,0,0,0
3.415653848,1.580379769,1.479677167,0.007611511,0.002032095,-0.006696951,3.4234375,1.60625,1.570796327,0,0,0
3.416051655,1.581376025,1.478904083,0.00655914,0.000518719,-0.003681921,3.4234375,1.60625,1.570796327,0,0,0
3.416326182,1.581681968,1.477442649,0.004469604,-0.000222509,-0.007394497,3.4234375,1.60625,1.570796327,0,0,0
3.416481387,1.581631972,1.475456248,0.002492587,-0.000465098,-0.010624694,3.4234375,1.60625,1.570796327,0,0,0
3.41744437,1.581451191,1.474329641,0.001241866,-0.002341433,-0.006018536,3.4234375,1.60625,1.570796327,0,0,0
3.418868985,1.580367919,1.473099209,-0.001291873,-0.004580429,-0.007984742,3.4234375,1.60625,1.570796327,0,0,0
3.419901496,1.579710147,1.470647222,-0.001921147,-0.004953075,-0.012582853,3.4234375,1.60625,1.570796327,0,0,0
3.420640608,1.579689153,1.468460018,-0.000991092,-0.004415606,-0.011937723,3.4234375,1.60625,1.570796327,0,0,0
3.420902647,1.579758883,1.466617397,-0.000363769,-0.003077112,-0.010735342,3.4234375,1.60625,1.570796327,0,0,0
3.420905984,1.579847875,1.465584918,-1.86E-05,-0.001755807,-0.006951986,3.4234375,1.60625,1.570796327,0,0,0
3.420804256,1.579922345,1.464509966,0.000124825,-0.000777188,-0.007932883,3.4234375,1.60625,1.570796327,0,0,0
3.421581425,1.579673604,1.46265848,-0.000281811,-0.002145791,-0.012329392,3.4234375,1.60625,1.570796327,0,0,0
3.422299295,1.579827184,1.459818326,0.00032676,-0.0027165,-0.014341355,3.4234375,1.60625,1.570796327,0,0,0
3.422639682,1.579932277,1.456632404,0.000490423,-0.002255934,-0.016987972,3.4234375,1.60625,1.570796327,0,0,0
3.422741495,1.579991278,1.453950266,0.000432166,-0.001497009,-0.015226719,3.4234375,1.60625,1.570796327,0,0,0
3.422721264,1.580017036,1.450687949,0.000298758,-0.000810814,-0.018557666,3.4234375,1.60625,1.570796327,0,0,0
3.422656963,1.580022964,1.448045104,0.000168692,-0.000328339,-0.016266097,3.4234375,1.60625,1.570796327,0,0,0
3.422591199,1.580019525,1.446314669,7.31E-05,-5.05E-05,-0.012163607,3.4234375,1.60625,1.570796327,0,0,0
3.422541532,1.580013217,1.446090029,1.58E-05,7.42E-05,-0.004609121,3.4234375,1.60625,1.570796327,0,0,0
3.424898741,1.580604281,1.445105598,0.001879678,-0.004776127,0.00031665,3.4234375,1.60625,1.570796327,0,0,0
3.430732705,1.579748689,1.44520813,0.000831193,-0.015282698,0.002384588,3.4234375,1.60625,1.570796327,0,0,0
3.433913899,1.579213924,1.444809255,0.000202677,-0.015636111,-7.24E-05,3.4234375,1.60625,1.570796327,0,0,0
3.435217956,1.578944047,1.444489867,-0.000103622,-0.011807465,-0.001234616,3.4234375,1.60625,1.570796327,0,0,0
3.436329616,1.580043154,1.443799122,0.002556764,-0.008835637,-0.004089472,3.4234375,1.60625,1.570796327,0,0,0
3.436865564,1.581325639,1.443795963,0.004317505,-0.005864477,-0.002579536,3.4234375,1.60625,1.570796327,0,0,0
3.437160406,1.580819785,1.443690669,0.001491389,-0.004127398,-0.002906182,3.4234375,1.60625,1.570796327,0,0,0
3.43711148,1.580407552,1.445688111,-2.63E-05,-0.002378699,0.008221789,3.4234375,1.60625,1.570796327,0,0,0
3.436936469,1.58013825,1.448650938,-0.000630811,-0.001068991,0.013835377,3.4234375,1.60625,1.570796327,0,0,0
3.436755269,1.579994743,1.452917674,-0.000713403,-0.000268965,0.021636145,3.4234375,1.60625,1.570796327,0,0,0
3.436617659,1.579938212,1.456654097,-0.000564615,0.000122217,0.01999423,3.4234375,1.60625,1.570796327,0,0,0
3.436532447,1.579930995,1.460456994,-0.000360694,0.000248922,0.021361919,3.4234375,1.60625,1.570796327,0,0,0
